{
  "ghsa_id": null,
  "summary": null,
  "package_name": "7qt8hl",
  "package_manager": "npm",
  "socket_data": {
    "package_name": "7qt8hl",
    "package_manager": "npm",
    "suspicious_versions": [
      "3.3.8"
    ],
    "checked_versions": [
      "3.3.8"
    ],
    "repository_structure": {
      "package.json": {
        "type": "file",
        "link": "/npm/package/7qt8hl/files/3.3.8/package.json",
        "raw_link": null
      },
      "readme.md": {
        "type": "file",
        "link": "/npm/package/7qt8hl/files/3.3.8/readme.md",
        "raw_link": "https://socketusercontent.com/blob/Q9K4kJH-emKLi2RPoOL0qeUUxw_LUcXlTupKnt3pwMC4"
      }
    },
    "analysis_mode": "suspicious",
    "total_versions": 2
  },
  "package_url": "https://www.npmjs.com/package/7qt8hl",
  "reprocessed": true,
  "original_issues": [
    "files_without_raw: 1/2"
  ]
}