{
  "ghsa_id": null,
  "summary": null,
  "package_name": "a-lbum-do-wnload-avai-lable-file-261573-generations-do7io-mdogom",
  "package_manager": "npm",
  "socket_data": {
    "package_name": "a-lbum-do-wnload-avai-lable-file-261573-generations-do7io-mdogom",
    "package_manager": "npm",
    "suspicious_versions": [
      "1.1.9"
    ],
    "checked_versions": [
      "1.1.9"
    ],
    "repository_structure": {
      "package.json": {
        "type": "file",
        "link": "/npm/package/a-lbum-do-wnload-avai-lable-file-261573-generations-do7io-mdogom/files/1.1.9/package.json",
        "raw_link": "https://socketusercontent.com/blob/QXIKPAGKfGbRE3luVcthstkgJ9jN6a5n7ttokQ0F0Agk"
      },
      "readme.md": {
        "type": "file",
        "link": "/npm/package/a-lbum-do-wnload-avai-lable-file-261573-generations-do7io-mdogom/files/1.1.9/readme.md",
        "raw_link": "https://socketusercontent.com/blob/Q4AxraIW0CqLypqT2QaEC0NJ67OThn9RnhXwEtMZ1rN0"
      }
    },
    "analysis_mode": "suspicious",
    "total_versions": 2
  },
  "package_url": "https://www.npmjs.com/package/a-lbum-do-wnload-avai-lable-file-261573-generations-do7io-mdogom",
  "reprocessed": true,
  "original_issues": [
    "files_without_raw: 1/2"
  ]
}