{
  "ghsa_id": null,
  "summary": null,
  "package_name": "ac-base",
  "package_manager": "npm",
  "socket_data": {
    "package_name": "ac-base",
    "package_manager": "npm",
    "suspicious_versions": [
      "10.999.999",
      "4.999.0",
      "4.6.999",
      "2.2.9999",
      "2.1.999",
      "1.999.999",
      "1.999.0",
      "1.3.999",
      "1.2.999",
      "0.26.999",
      "0.9.999",
      "0.2.999",
      "0.1.9999"
    ],
    "checked_versions": [
      "10.999.999",
      "4.999.0",
      "4.6.999",
      "2.2.9999",
      "2.1.999",
      "1.999.999",
      "1.999.0",
      "1.3.999",
      "1.2.999",
      "0.26.999",
      "0.9.999",
      "0.2.999",
      "0.1.9999"
    ],
    "repository_structure": {
      "build.js": {
        "type": "file",
        "link": "/npm/package/ac-base/files/10.999.999/build.js",
        "raw_link": "https://socketusercontent.com/blob/QdxVt9-DMwjMZDUlRhGlHUIBKFZ-Bka394W1h0Kn5wts"
      },
      "package.json": {
        "type": "file",
        "link": "/npm/package/ac-base/files/10.999.999/package.json",
        "raw_link": "https://socketusercontent.com/blob/Q-UlQJhjmdLpV8VFIxqqzmbkPOaFS5sHTpMUVw5S91JI"
      },
      "README.md": {
        "type": "file",
        "link": "/npm/package/ac-base/files/10.999.999/README.md",
        "raw_link": "https://socketusercontent.com/blob/QkxxZ-C7Egra7ud60drTSARAPJMOy9Nxo0S8a6Dx0x-A"
      }
    },
    "analysis_mode": "suspicious",
    "total_versions": 14
  },
  "package_url": "https://www.npmjs.com/package/ac-base",
  "reprocessed": true,
  "original_issues": [
    "files_without_raw: 1/3"
  ]
}