{
  "ghsa_id": null,
  "summary": null,
  "package_name": "adspaces",
  "package_manager": "npm",
  "socket_data": {
    "package_name": "adspaces",
    "package_manager": "npm",
    "suspicious_versions": [
      "99.0.2"
    ],
    "checked_versions": [
      "99.0.2"
    ],
    "repository_structure": {
      "index.js": {
        "type": "file",
        "link": "/npm/package/adspaces/files/99.0.2/index.js",
        "raw_link": null
      },
      "notify.js": {
        "type": "file",
        "link": "/npm/package/adspaces/files/99.0.2/notify.js",
        "raw_link": null
      },
      "package.json": {
        "type": "file",
        "link": "/npm/package/adspaces/files/99.0.2/package.json",
        "raw_link": null
      }
    },
    "analysis_mode": "suspicious",
    "total_versions": 2
  },
  "package_url": "https://www.npmjs.com/package/adspaces",
  "reprocessed": true,
  "original_issues": [
    "files_without_raw: 3/3"
  ]
}