{
  "ghsa_id": null,
  "summary": null,
  "package_name": "aem-headless-web-component",
  "package_manager": "npm",
  "socket_data": {
    "package_name": "aem-headless-web-component",
    "package_manager": "npm",
    "suspicious_versions": [
      "5.0.0"
    ],
    "checked_versions": [
      "5.0.0"
    ],
    "repository_structure": {
      "index.js": {
        "type": "file",
        "link": "/npm/package/aem-headless-web-component/files/5.0.0/index.js",
        "raw_link": "https://socketusercontent.com/blob/QlcJ5kzP5WUg34V-a7pMNVBSkEnELg8CMW3WyaI9Mqbk"
      },
      "package.json": {
        "type": "file",
        "link": "/npm/package/aem-headless-web-component/files/5.0.0/package.json",
        "raw_link": null
      }
    },
    "analysis_mode": "suspicious",
    "total_versions": 2
  },
  "package_url": "https://www.npmjs.com/package/aem-headless-web-component",
  "reprocessed": true,
  "original_issues": [
    "files_without_raw: 2/2"
  ]
}