{
  "ghsa_id": null,
  "summary": null,
  "package_name": "alba-website",
  "package_manager": "npm",
  "socket_data": {
    "package_name": "alba-website",
    "package_manager": "npm",
    "suspicious_versions": [
      "1.0.0"
    ],
    "checked_versions": [
      "1.0.0"
    ],
    "repository_structure": {
      "pythonrce": {
        "type": "directory",
        "link": "/npm/package/alba-website/files/1.0.0/pythonrce",
        "children": {}
      },
      "index.js": {
        "type": "file",
        "link": "/npm/package/alba-website/files/1.0.0/index.js",
        "raw_link": null
      },
      "package.json": {
        "type": "file",
        "link": "/npm/package/alba-website/files/1.0.0/package.json",
        "raw_link": null
      }
    },
    "analysis_mode": "suspicious",
    "total_versions": 2
  },
  "package_url": "https://www.npmjs.com/package/alba-website",
  "reprocessed": true,
  "original_issues": [
    "files_without_raw: 2/2",
    "all_dirs_empty: 1"
  ]
}