{
  "ghsa_id": "GHSA-pcfj-74fr-x6g4",
  "summary": "Malware in alerts-mfe",
  "package_name": "alerts-mfe",
  "package_manager": "npm",
  "socket_data": {
    "package_name": "alerts-mfe",
    "package_manager": "npm",
    "suspicious_versions": [
      "1.0.0",
      "0.0.1-security"
    ],
    "checked_versions": [
      "1.0.0",
      "0.0.1-security"
    ],
    "analysis_mode": "suspicious",
    "total_versions": 3,
    "message": "No repository structure found"
  },
  "package_url": "https://www.npmjs.com/package/alerts-mfe"
}