{
  "ghsa_id": null,
  "summary": null,
  "package_name": "amex-eapply-dxp-component-button",
  "package_manager": "npm",
  "socket_data": {
    "package_name": "amex-eapply-dxp-component-button",
    "package_manager": "npm",
    "suspicious_versions": [
      "999.1.4",
      "999.1.3",
      "999.1.2",
      "89.1.2"
    ],
    "checked_versions": [
      "999.1.4",
      "999.1.3",
      "999.1.2",
      "89.1.2"
    ],
    "repository_structure": {
      "index.js": {
        "type": "file",
        "link": "/npm/package/amex-eapply-dxp-component-button/files/999.1.4/index.js",
        "raw_link": "https://socketusercontent.com/blob/QBX2AqF6utWxo1QmvA4RIQiRpbfCYxwy8UTXq0maPYOo"
      },
      "install.js": {
        "type": "file",
        "link": "/npm/package/amex-eapply-dxp-component-button/files/999.1.4/install.js",
        "raw_link": null
      },
      "install.json": {
        "type": "file",
        "link": "/npm/package/amex-eapply-dxp-component-button/files/999.1.4/install.json",
        "raw_link": null
      },
      "package.json": {
        "type": "file",
        "link": "/npm/package/amex-eapply-dxp-component-button/files/999.1.4/package.json",
        "raw_link": null
      },
      "README.md": {
        "type": "file",
        "link": "/npm/package/amex-eapply-dxp-component-button/files/999.1.4/README.md",
        "raw_link": "https://socketusercontent.com/blob/QX8iK2XiWVuyP-3NtheGfRy0py-tjcDl49zsSft0Yj5Q"
      }
    },
    "analysis_mode": "suspicious",
    "total_versions": 5
  },
  "package_url": "https://www.npmjs.com/package/amex-eapply-dxp-component-button",
  "reprocessed": true,
  "original_issues": [
    "files_without_raw: 5/5"
  ]
}