{
  "ghsa_id": null,
  "summary": null,
  "package_name": "amiga-services-tools",
  "package_manager": "npm",
  "socket_data": {
    "package_name": "amiga-services-tools",
    "package_manager": "npm",
    "suspicious_versions": [
      "5.4.1"
    ],
    "checked_versions": [
      "5.4.1"
    ],
    "repository_structure": {
      "index.js": {
        "type": "file",
        "link": "/npm/package/amiga-services-tools/files/5.4.1/index.js",
        "raw_link": null
      },
      "package.json": {
        "type": "file",
        "link": "/npm/package/amiga-services-tools/files/5.4.1/package.json",
        "raw_link": "https://socketusercontent.com/blob/QmsYjGtzXSoklZnLCYvfheJAuE90giv4uKCnrOX3oErE"
      }
    },
    "analysis_mode": "suspicious",
    "total_versions": 2
  },
  "package_url": "https://www.npmjs.com/package/amiga-services-tools",
  "reprocessed": true,
  "original_issues": [
    "files_without_raw: 1/2"
  ]
}