{
  "ghsa_id": null,
  "summary": null,
  "package_name": "analysis-components",
  "package_manager": "npm",
  "socket_data": {
    "package_name": "analysis-components",
    "package_manager": "npm",
    "suspicious_versions": [
      "11230000951.0.9",
      "10.999.0",
      "9.999.0",
      "8.999.0",
      "7.999.0",
      "6.999.0",
      "5.999.0",
      "4.999.0",
      "3.999.0",
      "2.999.0",
      "1.999.0"
    ],
    "checked_versions": [
      "11230000951.0.9",
      "10.999.0",
      "9.999.0",
      "8.999.0",
      "7.999.0",
      "6.999.0",
      "5.999.0",
      "4.999.0",
      "3.999.0",
      "2.999.0",
      "1.999.0"
    ],
    "repository_structure": {
      ".idea": {
        "type": "directory",
        "link": "/npm/package/analysis-components/files/11230000951.0.9/.idea",
        "children": {}
      },
      "index.js": {
        "type": "file",
        "link": "/npm/package/analysis-components/files/11230000951.0.9/index.js",
        "raw_link": null
      },
      "package.json": {
        "type": "file",
        "link": "/npm/package/analysis-components/files/11230000951.0.9/package.json",
        "raw_link": "https://socketusercontent.com/blob/QYM0w_lTYYGJvEdlvMdXZycXBopP6gs6yESiE1xt-XmY"
      }
    },
    "analysis_mode": "suspicious",
    "total_versions": 12
  },
  "package_url": "https://www.npmjs.com/package/analysis-components",
  "reprocessed": true,
  "original_issues": [
    "files_without_raw: 1/2",
    "all_dirs_empty: 1"
  ]
}