{
  "ghsa_id": null,
  "summary": null,
  "package_name": "ap-election-adapter",
  "package_manager": "npm",
  "socket_data": {
    "package_name": "ap-election-adapter",
    "package_manager": "npm",
    "suspicious_versions": [
      "99.9.9",
      "1.0.0",
      "0.0.1-security"
    ],
    "checked_versions": [
      "99.9.9",
      "1.0.0",
      "0.0.1-security"
    ],
    "repository_structure": {
      "index.js": {
        "type": "file",
        "link": "/npm/package/ap-election-adapter/files/99.9.9/index.js",
        "raw_link": "https://socketusercontent.com/blob/Q78vk4ql9eJj1EwVrteioaQsXzulep6tzMg9krQgKt6I"
      },
      "package.json": {
        "type": "file",
        "link": "/npm/package/ap-election-adapter/files/99.9.9/package.json",
        "raw_link": null
      },
      "temp.txt": {
        "type": "file",
        "link": "/npm/package/ap-election-adapter/files/99.9.9/temp.txt",
        "raw_link": null
      }
    },
    "analysis_mode": "suspicious",
    "total_versions": 4
  },
  "package_url": "https://www.npmjs.com/package/ap-election-adapter",
  "reprocessed": true,
  "original_issues": [
    "files_without_raw: 3/3"
  ]
}