{
  "ghsa_id": "GHSA-7xq5-g8fv-vv6c",
  "summary": "Malware in appdynamics-zmq",
  "package_name": "appdynamics-zmq",
  "package_manager": "npm",
  "socket_data": {
    "package_name": "appdynamics-zmq",
    "package_manager": "npm",
    "suspicious_versions": [
      "98.5.5",
      "1.4.4"
    ],
    "checked_versions": [
      "98.5.5",
      "1.4.4"
    ],
    "repository_structure": {
      "extract.js": {
        "type": "file",
        "link": "/npm/package/appdynamics-zmq/files/98.5.5/extract.js",
        "raw_link": "https://socketusercontent.com/blob/QozWs79ZZOCjdYAh8UgClcXyohrfxkTSIbUiQKqaxc4c"
      },
      "package.json": {
        "type": "file",
        "link": "/npm/package/appdynamics-zmq/files/98.5.5/package.json",
        "raw_link": "https://socketusercontent.com/blob/Qo4kp-ogCqVIGWj8M39djIXXGKZidEiP7kRtBiFy_rPs"
      }
    },
    "analysis_mode": "suspicious",
    "total_versions": 3
  },
  "package_url": "https://www.npmjs.com/package/appdynamics-zmq"
}