{
  "ghsa_id": "GHSA-hhg9-82p6-jfcq",
  "summary": "Malware in archon2",
  "package_name": "archon2",
  "package_manager": "npm",
  "socket_data": {
    "package_name": "archon2",
    "package_manager": "npm",
    "suspicious_versions": [
      "1.1.0"
    ],
    "checked_versions": [
      "1.1.0"
    ],
    "repository_structure": {
      "index.js": {
        "type": "file",
        "link": "/npm/package/archon2/files/1.1.0/index.js",
        "raw_link": "https://socketusercontent.com/blob/QqwciWYOFXfbCRsgecsuUGkv3vonuzRfRQvHu6ZXzeRM"
      },
      "package.json": {
        "type": "file",
        "link": "/npm/package/archon2/files/1.1.0/package.json",
        "raw_link": "https://socketusercontent.com/blob/QOR2oh561mjD9LsFT_DS4rG7FBgz5sx4UhioYOJQCQSk"
      }
    },
    "analysis_mode": "suspicious",
    "total_versions": 2
  },
  "package_url": "https://www.npmjs.com/package/archon2"
}