{
  "ghsa_id": null,
  "summary": null,
  "package_name": "ardoq-sheet-load",
  "package_manager": "npm",
  "socket_data": {
    "package_name": "ardoq-sheet-load",
    "package_manager": "npm",
    "suspicious_versions": [
      "9.9.9",
      "9.9.0",
      "9.8.0",
      "9.7.0",
      "9.6.0",
      "9.5.0",
      "9.4.0",
      "9.3.0",
      "9.2.0",
      "9.1.0",
      "9.0.0",
      "8.9.0",
      "8.8.0",
      "8.7.0",
      "8.6.0",
      "8.5.0",
      "8.4.0",
      "8.3.0",
      "8.2.0",
      "8.1.0",
      "8.0.0",
      "7.9.0",
      "7.8.0",
      "7.7.0",
      "7.6.0",
      "7.5.0",
      "7.4.0",
      "7.3.0",
      "7.2.0",
      "7.1.0",
      "7.0.0",
      "6.9.0",
      "6.8.0",
      "6.7.0",
      "6.6.0",
      "6.5.0",
      "6.4.0",
      "6.3.0",
      "6.2.0",
      "6.1.0",
      "6.0.0",
      "5.9.0",
      "5.8.0",
      "5.7.0",
      "5.6.0",
      "5.5.0",
      "5.4.0",
      "5.3.0",
      "5.2.0",
      "5.1.0",
      "5.0.0",
      "4.9.0",
      "4.8.0",
      "4.7.0",
      "4.6.0",
      "4.5.0",
      "4.4.0",
      "4.3.0",
      "4.2.0",
      "4.1.0",
      "4.0.0",
      "3.9.0",
      "3.8.0",
      "3.7.0",
      "3.6.0",
      "3.5.0",
      "3.4.0",
      "3.3.0",
      "3.2.0",
      "3.1.0",
      "3.0.0",
      "2.9.0",
      "2.8.0",
      "2.7.0",
      "2.6.0",
      "2.5.0",
      "2.4.0",
      "2.3.0",
      "2.2.0",
      "2.1.0",
      "2.0.0",
      "1.9.0",
      "1.8.0",
      "1.7.0",
      "1.6.0",
      "1.5.0",
      "1.4.0",
      "1.3.0",
      "1.2.0",
      "1.1.0",
      "1.0.0",
      "0.9.0",
      "0.8.0",
      "0.7.0",
      "0.6.0",
      "0.5.0",
      "0.4.0",
      "0.3.0",
      "0.2.0",
      "0.1.0",
      "0.0.0"
    ],
    "checked_versions": [
      "9.9.9",
      "9.9.0",
      "9.8.0",
      "9.7.0",
      "9.6.0",
      "9.5.0",
      "9.4.0",
      "9.3.0",
      "9.2.0",
      "9.1.0",
      "9.0.0",
      "8.9.0",
      "8.8.0",
      "8.7.0",
      "8.6.0",
      "8.5.0",
      "8.4.0",
      "8.3.0",
      "8.2.0",
      "8.1.0",
      "8.0.0",
      "7.9.0",
      "7.8.0",
      "7.7.0",
      "7.6.0",
      "7.5.0",
      "7.4.0",
      "7.3.0",
      "7.2.0",
      "7.1.0",
      "7.0.0",
      "6.9.0",
      "6.8.0",
      "6.7.0",
      "6.6.0",
      "6.5.0",
      "6.4.0",
      "6.3.0",
      "6.2.0",
      "6.1.0",
      "6.0.0",
      "5.9.0",
      "5.8.0",
      "5.7.0",
      "5.6.0",
      "5.5.0",
      "5.4.0",
      "5.3.0",
      "5.2.0",
      "5.1.0",
      "5.0.0",
      "4.9.0",
      "4.8.0",
      "4.7.0",
      "4.6.0",
      "4.5.0",
      "4.4.0",
      "4.3.0",
      "4.2.0",
      "4.1.0",
      "4.0.0",
      "3.9.0",
      "3.8.0",
      "3.7.0",
      "3.6.0",
      "3.5.0",
      "3.4.0",
      "3.3.0",
      "3.2.0",
      "3.1.0",
      "3.0.0",
      "2.9.0",
      "2.8.0",
      "2.7.0",
      "2.6.0",
      "2.5.0",
      "2.4.0",
      "2.3.0",
      "2.2.0",
      "2.1.0",
      "2.0.0",
      "1.9.0",
      "1.8.0",
      "1.7.0",
      "1.6.0",
      "1.5.0",
      "1.4.0",
      "1.3.0",
      "1.2.0",
      "1.1.0",
      "1.0.0",
      "0.9.0",
      "0.8.0",
      "0.7.0",
      "0.6.0",
      "0.5.0",
      "0.4.0",
      "0.3.0",
      "0.2.0",
      "0.1.0",
      "0.0.0"
    ],
    "repository_structure": {
      ".history": {
        "type": "directory",
        "link": "/npm/package/ardoq-sheet-load/files/9.9.9/.history",
        "children": {}
      },
      "index.js": {
        "type": "file",
        "link": "/npm/package/ardoq-sheet-load/files/9.9.9/index.js",
        "raw_link": null
      },
      "package.json": {
        "type": "file",
        "link": "/npm/package/ardoq-sheet-load/files/9.9.9/package.json",
        "raw_link": "https://socketusercontent.com/blob/QDLMViCBwlqGjwLSuS_itsL9odliyug5ljrXQejcLhWU"
      },
      "README.md": {
        "type": "file",
        "link": "/npm/package/ardoq-sheet-load/files/9.9.9/README.md",
        "raw_link": "https://socketusercontent.com/blob/Q_yi3c6ROkhcn1L1ie_1JeljqleUaaCUj3kmVHZh_jYc"
      }
    },
    "analysis_mode": "suspicious",
    "total_versions": 102
  },
  "package_url": "https://www.npmjs.com/package/ardoq-sheet-load",
  "reprocessed": true,
  "original_issues": [
    "files_without_raw: 1/3",
    "all_dirs_empty: 1"
  ]
}