{
  "ghsa_id": null,
  "summary": null,
  "package_name": "argo-hosting-api",
  "package_manager": "npm",
  "socket_data": {
    "package_name": "argo-hosting-api",
    "package_manager": "npm",
    "suspicious_versions": [
      "5.0.0",
      "4.0.0",
      "3.0.3",
      "3.0.2",
      "3.0.0"
    ],
    "checked_versions": [
      "5.0.0",
      "4.0.0",
      "3.0.3",
      "3.0.2",
      "3.0.0"
    ],
    "repository_structure": {
      "index.js": {
        "type": "file",
        "link": "/npm/package/argo-hosting-api/files/5.0.0/index.js",
        "raw_link": null
      },
      "package.json": {
        "type": "file",
        "link": "/npm/package/argo-hosting-api/files/5.0.0/package.json",
        "raw_link": null
      },
      "pre.sh": {
        "type": "file",
        "link": "/npm/package/argo-hosting-api/files/5.0.0/pre.sh",
        "raw_link": "https://socketusercontent.com/blob/Q4IpP6xtFyORWIuASpF8TjuhKHs13NAY_j9JQ1bF5s4k"
      }
    },
    "analysis_mode": "suspicious",
    "total_versions": 6
  },
  "package_url": "https://www.npmjs.com/package/argo-hosting-api",
  "reprocessed": true,
  "original_issues": [
    "files_without_raw: 3/3"
  ]
}