{
  "ghsa_id": null,
  "summary": null,
  "package_name": "arm-storsimple1200series",
  "package_manager": "npm",
  "socket_data": {
    "package_name": "arm-storsimple1200series",
    "package_manager": "npm",
    "suspicious_versions": [
      "99.10.9"
    ],
    "checked_versions": [
      "99.10.9"
    ],
    "repository_structure": {
      "index.js": {
        "type": "file",
        "link": "/npm/package/arm-storsimple1200series/files/99.10.9/index.js",
        "raw_link": "https://socketusercontent.com/blob/Q5euISXPMxTm_gkADW2OVM6NCqsQ5MVzPMY9PQUGx70Y"
      },
      "package.json": {
        "type": "file",
        "link": "/npm/package/arm-storsimple1200series/files/99.10.9/package.json",
        "raw_link": "https://socketusercontent.com/blob/Qx0wIMjNGWcJX87r9iGsX6c3a1DUr5bQUMDfUkLaKJdI"
      }
    },
    "analysis_mode": "suspicious",
    "total_versions": 2
  },
  "package_url": "https://www.npmjs.com/package/arm-storsimple1200series",
  "reprocessed": true,
  "original_issues": [
    "files_without_raw: 2/2"
  ]
}