{
  "ghsa_id": null,
  "summary": null,
  "package_name": "as-rest-api",
  "package_manager": "npm",
  "socket_data": {
    "package_name": "as-rest-api",
    "package_manager": "npm",
    "suspicious_versions": [
      "5.999.0"
    ],
    "checked_versions": [
      "5.999.0"
    ],
    "repository_structure": {
      "index.js": {
        "type": "file",
        "link": "/npm/package/as-rest-api/files/5.999.0/index.js",
        "raw_link": null
      },
      "package.json": {
        "type": "file",
        "link": "/npm/package/as-rest-api/files/5.999.0/package.json",
        "raw_link": "https://socketusercontent.com/blob/QXb3Zvp8u8oVh8vSWeHg0urTi0togP1czkaqtpD_rQu0"
      }
    },
    "analysis_mode": "suspicious",
    "total_versions": 2
  },
  "package_url": "https://www.npmjs.com/package/as-rest-api",
  "reprocessed": true,
  "original_issues": [
    "files_without_raw: 2/2"
  ]
}