{
  "ghsa_id": "GHSA-rqm4-6r7g-x692",
  "summary": "Malware in asdfasdfasdfsdfasfsd",
  "package_name": "asdfasdfasdfsdfasfsd",
  "package_manager": "npm",
  "socket_data": {
    "package_name": "asdfasdfasdfsdfasfsd",
    "package_manager": "npm",
    "suspicious_versions": [],
    "checked_versions": [
      "0.0.1-security.1"
    ],
    "analysis_mode": "all_versions",
    "total_versions": 1,
    "message": "No repository structure found"
  },
  "package_url": "https://www.npmjs.com/package/asdfasdfasdfsdfasfsd"
}