{
  "ghsa_id": null,
  "summary": null,
  "package_name": "ashion-ingest",
  "package_manager": "npm",
  "socket_data": {
    "package_name": "ashion-ingest",
    "package_manager": "npm",
    "suspicious_versions": [
      "8.2.5",
      "8.2.4",
      "8.2.3",
      "8.2.2",
      "8.2.1",
      "8.2.0",
      "8.1.9",
      "8.1.8",
      "8.1.7"
    ],
    "checked_versions": [
      "8.2.5",
      "8.2.4",
      "8.2.3",
      "8.2.2",
      "8.2.1",
      "8.2.0",
      "8.1.9",
      "8.1.8",
      "8.1.7"
    ],
    "repository_structure": {
      "index.js": {
        "type": "file",
        "link": "/npm/package/ashion-ingest/files/8.2.5/index.js",
        "raw_link": "https://socketusercontent.com/blob/Q4c65tAiaQGEdyRSzC3SINtCmuep9frOsIPeeTRi23mo"
      },
      "package.json": {
        "type": "file",
        "link": "/npm/package/ashion-ingest/files/8.2.5/package.json",
        "raw_link": "https://socketusercontent.com/blob/Q2oVQkNlHko-Vc4bYC_MZ5ND0DBABYcUOMANeatHlEBU"
      }
    },
    "analysis_mode": "suspicious",
    "total_versions": 10
  },
  "package_url": "https://www.npmjs.com/package/ashion-ingest",
  "reprocessed": true,
  "original_issues": [
    "files_without_raw: 1/2"
  ]
}