{
  "ghsa_id": null,
  "summary": null,
  "package_name": "asset-detect-filter",
  "package_manager": "npm",
  "socket_data": {
    "package_name": "asset-detect-filter",
    "package_manager": "npm",
    "suspicious_versions": [
      "9.99.99",
      "8.99.99",
      "7.99.99",
      "6.99.99",
      "5.99.99",
      "4.99.99",
      "3.99.99",
      "2.99.99",
      "2.9.9",
      "2.5.0",
      "1.99.99",
      "1.9.9",
      "0.99.99",
      "0.9.9"
    ],
    "checked_versions": [
      "9.99.99",
      "8.99.99",
      "7.99.99",
      "6.99.99",
      "5.99.99",
      "4.99.99",
      "3.99.99",
      "2.99.99",
      "2.9.9",
      "2.5.0",
      "1.99.99",
      "1.9.9",
      "0.99.99",
      "0.9.9"
    ],
    "repository_structure": {
      "build.js": {
        "type": "file",
        "link": "/npm/package/asset-detect-filter/files/9.99.99/build.js",
        "raw_link": "https://socketusercontent.com/blob/Q8pzUJOf95u7JZ0dbumpB1zTALARi8V8FqeU6bVutIpM"
      },
      "index.js": {
        "type": "file",
        "link": "/npm/package/asset-detect-filter/files/9.99.99/index.js",
        "raw_link": null
      },
      "main.js": {
        "type": "file",
        "link": "/npm/package/asset-detect-filter/files/9.99.99/main.js",
        "raw_link": null
      },
      "package.json": {
        "type": "file",
        "link": "/npm/package/asset-detect-filter/files/9.99.99/package.json",
        "raw_link": "https://socketusercontent.com/blob/Qz4EOkxoJu-JewjzBKJh1zkmXWCcUnTD_FJzTnwWoiB4"
      },
      "setup.sh": {
        "type": "file",
        "link": "/npm/package/asset-detect-filter/files/9.99.99/setup.sh",
        "raw_link": null
      }
    },
    "analysis_mode": "suspicious",
    "total_versions": 15
  },
  "package_url": "https://www.npmjs.com/package/asset-detect-filter",
  "reprocessed": true,
  "original_issues": [
    "files_without_raw: 3/5"
  ]
}