{
  "ghsa_id": "GHSA-f5pv-r3m3-gqxm",
  "summary": "Malware in audit-logging",
  "package_name": "audit-logging",
  "package_manager": "npm",
  "socket_data": {
    "package_name": "audit-logging",
    "package_manager": "npm",
    "suspicious_versions": [],
    "checked_versions": [
      "0.0.1-security"
    ],
    "repository_structure": {
      "package.json": {
        "type": "file",
        "link": "/npm/package/audit-logging/files/0.0.1-security/package.json",
        "raw_link": "https://socketusercontent.com/blob/Q6mJ6dAu4IBDAVSH6I8NF-BAKTpXrFCN-w3EUCugpvWs"
      },
      "README.md": {
        "type": "file",
        "link": "/npm/package/audit-logging/files/0.0.1-security/README.md",
        "raw_link": "https://socketusercontent.com/blob/QcvevDbpFhUCdDsMSUH-3vu_QGLR4POMIQQJnOFZaKwg"
      }
    },
    "analysis_mode": "all_versions",
    "total_versions": 1
  },
  "package_url": "https://www.npmjs.com/package/audit-logging"
}