{
  "ghsa_id": "GHSA-vhhh-72qx-gfr6",
  "summary": "Malware in avddeploy",
  "package_name": "avddeploy",
  "package_manager": "npm",
  "socket_data": {
    "package_name": "avddeploy",
    "package_manager": "npm",
    "suspicious_versions": [
      "99.9.8"
    ],
    "checked_versions": [
      "99.9.8"
    ],
    "repository_structure": {
      "index.js": {
        "type": "file",
        "link": "/npm/package/avddeploy/files/99.9.8/index.js",
        "raw_link": "https://socketusercontent.com/blob/Q3sp9rsXj55PWJGDHwPqWMJjSNaxqPsx_hAjZE_vHg_o"
      },
      "package.json": {
        "type": "file",
        "link": "/npm/package/avddeploy/files/99.9.8/package.json",
        "raw_link": "https://socketusercontent.com/blob/QAVthdDsYzBGki141Vv6lr6IoxgVsDLb6iHgI2P1a698"
      }
    },
    "analysis_mode": "suspicious",
    "total_versions": 2
  },
  "package_url": "https://www.npmjs.com/package/avddeploy"
}