{
  "ghsa_id": "GHSA-76qf-xhv4-gm8r",
  "summary": "Malware in azure-arm-datafactory-samples",
  "package_name": "azure-arm-datafactory-samples",
  "package_manager": "npm",
  "socket_data": {
    "package_name": "azure-arm-datafactory-samples",
    "package_manager": "npm",
    "suspicious_versions": [
      "99.0.0"
    ],
    "checked_versions": [
      "99.0.0"
    ],
    "repository_structure": {
      "package.json": {
        "type": "file",
        "link": "/npm/package/azure-arm-datafactory-samples/files/99.0.0/package.json",
        "raw_link": "https://socketusercontent.com/blob/QtsOkQQN6_RSMz000xUrMpefKEu1rouBEGjMCYCZlJPg"
      }
    },
    "analysis_mode": "suspicious",
    "total_versions": 2
  },
  "package_url": "https://www.npmjs.com/package/azure-arm-datafactory-samples"
}