{
  "ghsa_id": null,
  "summary": null,
  "package_name": "azure-arm-storsimple8000series-samples-js",
  "package_manager": "npm",
  "socket_data": {
    "package_name": "azure-arm-storsimple8000series-samples-js",
    "package_manager": "npm",
    "suspicious_versions": [
      "99.0.0"
    ],
    "checked_versions": [
      "99.0.0"
    ],
    "repository_structure": {
      "package.json": {
        "type": "file",
        "link": "/npm/package/azure-arm-storsimple8000series-samples-js/files/99.0.0/package.json",
        "raw_link": "https://socketusercontent.com/blob/Qb37g7kyFy1VgTA8VFL5UyS5pEHlhNOYhmGWXoVjiDk0"
      }
    },
    "analysis_mode": "suspicious",
    "total_versions": 2
  },
  "package_url": "https://www.npmjs.com/package/azure-arm-storsimple8000series-samples-js",
  "reprocessed": true,
  "original_issues": [
    "files_without_raw: 1/1"
  ]
}