{
  "ghsa_id": "GHSA-wgxc-p82q-j5p2",
  "summary": "Malware in azure-ai-form-recognizer-ts",
  "package_name": "azure-ai-form-recognizer-ts",
  "package_manager": "npm",
  "socket_data": {
    "package_name": "azure-ai-form-recognizer-ts",
    "package_manager": "npm",
    "suspicious_versions": [
      "99.10.9",
      "0.0.1-security.1",
      "0.0.1-security.0",
      "0.0.1-security"
    ],
    "checked_versions": [
      "99.10.9",
      "0.0.1-security.1",
      "0.0.1-security.0",
      "0.0.1-security"
    ],
    "repository_structure": {
      "index.js": {
        "type": "file",
        "link": "/npm/package/azure-ai-form-recognizer-ts/files/99.10.9/index.js",
        "raw_link": "https://socketusercontent.com/blob/QGdwF2wIZ34TzA73mLTfb9-zk4oJdqpjie6CHzDWUQx0"
      },
      "package.json": {
        "type": "file",
        "link": "/npm/package/azure-ai-form-recognizer-ts/files/99.10.9/package.json",
        "raw_link": "https://socketusercontent.com/blob/Q6QIMFoSziH1h86DY9D1x3AM3TPIldKajWLWxYmo0r2Y"
      }
    },
    "analysis_mode": "suspicious",
    "total_versions": 5
  },
  "package_url": "https://www.npmjs.com/package/azure-ai-form-recognizer-ts"
}