{
  "ghsa_id": null,
  "summary": null,
  "package_name": "azure-cosmos",
  "package_manager": "npm",
  "socket_data": {
    "package_name": "azure-cosmos",
    "package_manager": "npm",
    "suspicious_versions": [
      "99.10.9",
      "0.0.1-security.2",
      "0.0.1-security.1",
      "0.0.1-security.0",
      "0.0.1-security"
    ],
    "checked_versions": [
      "99.10.9",
      "0.0.1-security.2",
      "0.0.1-security.1",
      "0.0.1-security.0",
      "0.0.1-security"
    ],
    "repository_structure": {
      "index.js": {
        "type": "file",
        "link": "/npm/package/azure-cosmos/files/99.10.9/index.js",
        "raw_link": "https://socketusercontent.com/blob/QGdwF2wIZ34TzA73mLTfb9-zk4oJdqpjie6CHzDWUQx0"
      },
      "package.json": {
        "type": "file",
        "link": "/npm/package/azure-cosmos/files/99.10.9/package.json",
        "raw_link": "https://socketusercontent.com/blob/QVwteV9e-gMsVLsN5IyxJHw5abRihtoOYTc5qcC4YYBo"
      }
    },
    "analysis_mode": "suspicious",
    "total_versions": 6
  },
  "package_url": "https://www.npmjs.com/package/azure-cosmos",
  "reprocessed": true,
  "original_issues": [
    "files_without_raw: 1/2"
  ]
}