{
  "ghsa_id": null,
  "summary": null,
  "package_name": "azure-quantum-jobs",
  "package_manager": "npm",
  "socket_data": {
    "package_name": "azure-quantum-jobs",
    "package_manager": "npm",
    "suspicious_versions": [
      "99.10.9"
    ],
    "checked_versions": [
      "99.10.9"
    ],
    "repository_structure": {
      "index.js": {
        "type": "file",
        "link": "/npm/package/azure-quantum-jobs/files/99.10.9/index.js",
        "raw_link": null
      },
      "package.json": {
        "type": "file",
        "link": "/npm/package/azure-quantum-jobs/files/99.10.9/package.json",
        "raw_link": "https://socketusercontent.com/blob/QT0EiIFTWN_BlRuzn_4o5As54hSBx007YTLfXHqq4sm8"
      }
    },
    "analysis_mode": "suspicious",
    "total_versions": 2
  },
  "package_url": "https://www.npmjs.com/package/azure-quantum-jobs",
  "reprocessed": true,
  "original_issues": [
    "files_without_raw: 2/2"
  ]
}