{
  "ghsa_id": null,
  "summary": null,
  "package_name": "azure-keyvault-certificates-samples-ts",
  "package_manager": "npm",
  "socket_data": {
    "package_name": "azure-keyvault-certificates-samples-ts",
    "package_manager": "npm",
    "suspicious_versions": [
      "99.10.9"
    ],
    "checked_versions": [
      "99.10.9"
    ],
    "repository_structure": {
      "index.js": {
        "type": "file",
        "link": "/npm/package/azure-keyvault-certificates-samples-ts/files/99.10.9/index.js",
        "raw_link": "https://socketusercontent.com/blob/QrmjNSauPAisxpKY52JtLUQJYhO069sXNV4NW3QMEg-A"
      },
      "package.json": {
        "type": "file",
        "link": "/npm/package/azure-keyvault-certificates-samples-ts/files/99.10.9/package.json",
        "raw_link": "https://socketusercontent.com/blob/QW50qGAAFGeT8pqEyUZda8P9Lh-MJFHE0rV81LLh4Tq0"
      }
    },
    "analysis_mode": "suspicious",
    "total_versions": 2
  },
  "package_url": "https://www.npmjs.com/package/azure-keyvault-certificates-samples-ts",
  "reprocessed": true,
  "original_issues": [
    "files_without_raw: 1/2"
  ]
}