{
  "ghsa_id": null,
  "summary": null,
  "package_name": "azure-schema-registry-js",
  "package_manager": "npm",
  "socket_data": {
    "package_name": "azure-schema-registry-js",
    "package_manager": "npm",
    "suspicious_versions": [
      "99.10.9",
      "0.0.1-security.1",
      "0.0.1-security.0",
      "0.0.1-security"
    ],
    "checked_versions": [
      "99.10.9",
      "0.0.1-security.1",
      "0.0.1-security.0",
      "0.0.1-security"
    ],
    "repository_structure": {
      "index.js": {
        "type": "file",
        "link": "/npm/package/azure-schema-registry-js/files/99.10.9/index.js",
        "raw_link": "https://socketusercontent.com/blob/QGdwF2wIZ34TzA73mLTfb9-zk4oJdqpjie6CHzDWUQx0"
      },
      "package.json": {
        "type": "file",
        "link": "/npm/package/azure-schema-registry-js/files/99.10.9/package.json",
        "raw_link": "https://socketusercontent.com/blob/QQqEPDxz9_LaxDAkg9TjCSY4RPp3b9kSms8b4TjsP3q4"
      }
    },
    "analysis_mode": "suspicious",
    "total_versions": 5
  },
  "package_url": "https://www.npmjs.com/package/azure-schema-registry-js",
  "reprocessed": true,
  "original_issues": [
    "files_without_raw: 1/2"
  ]
}