{
  "ghsa_id": "GHSA-5jrp-jp4m-mwf9",
  "summary": "Malware in azure-template-samples-ts-beta",
  "package_name": "azure-template-samples-ts-beta",
  "package_manager": "npm",
  "socket_data": {
    "package_name": "azure-template-samples-ts-beta",
    "package_manager": "npm",
    "suspicious_versions": [
      "99.0.1",
      "99.0.0"
    ],
    "checked_versions": [
      "99.0.1",
      "99.0.0"
    ],
    "repository_structure": {
      "package.json": {
        "type": "file",
        "link": "/npm/package/azure-template-samples-ts-beta/files/99.0.1/package.json",
        "raw_link": "https://socketusercontent.com/blob/Q2xNZupTxIB8EB4LxlhaUo7i5k8E4OgoCGKcIIS2aYVk"
      }
    },
    "analysis_mode": "suspicious",
    "total_versions": 3
  },
  "package_url": "https://www.npmjs.com/package/azure-template-samples-ts-beta"
}