{
  "ghsa_id": "GHSA-hcg7-cg99-jr2c",
  "summary": "Malware in azure-ai-anomaly-detector",
  "package_name": "azure-ai-anomaly-detector",
  "package_manager": "npm",
  "socket_data": {
    "package_name": "azure-ai-anomaly-detector",
    "package_manager": "npm",
    "suspicious_versions": [
      "99.10.9",
      "0.0.1-security.2",
      "0.0.1-security.1",
      "0.0.1-security.0",
      "0.0.1-security"
    ],
    "checked_versions": [
      "99.10.9",
      "0.0.1-security.2",
      "0.0.1-security.1",
      "0.0.1-security.0",
      "0.0.1-security"
    ],
    "repository_structure": {
      "index.js": {
        "type": "file",
        "link": "/npm/package/azure-ai-anomaly-detector/files/99.10.9/index.js",
        "raw_link": "https://socketusercontent.com/blob/QGdwF2wIZ34TzA73mLTfb9-zk4oJdqpjie6CHzDWUQx0"
      },
      "package.json": {
        "type": "file",
        "link": "/npm/package/azure-ai-anomaly-detector/files/99.10.9/package.json",
        "raw_link": "https://socketusercontent.com/blob/QkRx8vTQjqtsjg3HIKEzXGtkaz6X6W2BxzkicqouMywU"
      }
    },
    "analysis_mode": "suspicious",
    "total_versions": 6
  },
  "package_url": "https://www.npmjs.com/package/azure-ai-anomaly-detector"
}