{
  "ghsa_id": "GHSA-pvjr-p932-869q",
  "summary": "Malware in azure-purview-catalog",
  "package_name": "azure-purview-catalog",
  "package_manager": "npm",
  "socket_data": {
    "package_name": "azure-purview-catalog",
    "package_manager": "npm",
    "suspicious_versions": [
      "99.10.9",
      "0.0.1-security.2",
      "0.0.1-security.1",
      "0.0.1-security.0",
      "0.0.1-security"
    ],
    "checked_versions": [
      "99.10.9",
      "0.0.1-security.2",
      "0.0.1-security.1",
      "0.0.1-security.0",
      "0.0.1-security"
    ],
    "repository_structure": {
      "package.json": {
        "type": "file",
        "link": "/npm/package/azure-purview-catalog/files/0.0.1-security.2/package.json",
        "raw_link": "https://socketusercontent.com/blob/QTCIamMtb65kBk5jC1IvBQER-WIyCXPzVWONPFi2pDaA"
      },
      "README.md": {
        "type": "file",
        "link": "/npm/package/azure-purview-catalog/files/0.0.1-security.2/README.md",
        "raw_link": "https://socketusercontent.com/blob/QJ-1HSz8i_gG5m7n9GZTGNNU0wsxKmhYVcenzuN6uomg"
      }
    },
    "analysis_mode": "suspicious",
    "total_versions": 6
  },
  "package_url": "https://www.npmjs.com/package/azure-purview-catalog"
}