{
  "ghsa_id": null,
  "summary": null,
  "package_name": "b64-svn",
  "package_manager": "npm",
  "socket_data": {
    "package_name": "b64-svn",
    "package_manager": "npm",
    "suspicious_versions": [
      "1.0.4"
    ],
    "checked_versions": [
      "1.0.4"
    ],
    "repository_structure": {
      "main.js": {
        "type": "file",
        "link": "/npm/package/b64-svn/files/1.0.4/main.js",
        "raw_link": null
      },
      "package.json": {
        "type": "file",
        "link": "/npm/package/b64-svn/files/1.0.4/package.json",
        "raw_link": "https://socketusercontent.com/blob/Q9xIXpjUAly6ppFra-aD_Ax7Dad4Uq66F6m5WLeanmh4"
      }
    },
    "analysis_mode": "suspicious",
    "total_versions": 2
  },
  "package_url": "https://www.npmjs.com/package/b64-svn",
  "reprocessed": true,
  "original_issues": [
    "files_without_raw: 2/2"
  ]
}