{
  "ghsa_id": null,
  "summary": null,
  "package_name": "babelplugin7transformobjectrestspreaf",
  "package_manager": "npm",
  "socket_data": {
    "package_name": "babelplugin7transformobjectrestspreaf",
    "package_manager": "npm",
    "suspicious_versions": [
      "1.2.0",
      "0.0.1-security.6",
      "0.0.1-security.5",
      "0.0.1-security.4",
      "0.0.1-security.3",
      "0.0.1-security.1",
      "0.0.1-security.0",
      "0.0.1-security"
    ],
    "checked_versions": [
      "1.2.0",
      "0.0.1-security.6",
      "0.0.1-security.5",
      "0.0.1-security.4",
      "0.0.1-security.3",
      "0.0.1-security.1",
      "0.0.1-security.0",
      "0.0.1-security"
    ],
    "repository_structure": {
      "HISTORY.md": {
        "type": "file",
        "link": "/npm/package/babelplugin7transformobjectrestspreaf/files/1.2.0/HISTORY.md",
        "raw_link": "https://socketusercontent.com/blob/QmQ_ySrTNHr-JXxhZNPxeFcCTqtKduOHw22y2eEIu2us"
      },
      "index.js": {
        "type": "file",
        "link": "/npm/package/babelplugin7transformobjectrestspreaf/files/1.2.0/index.js",
        "raw_link": null
      },
      "LICENSE": {
        "type": "file",
        "link": "/npm/package/babelplugin7transformobjectrestspreaf/files/1.2.0/LICENSE",
        "raw_link": null
      },
      "package.json": {
        "type": "file",
        "link": "/npm/package/babelplugin7transformobjectrestspreaf/files/1.2.0/package.json",
        "raw_link": "https://socketusercontent.com/blob/Qm8QJHl8bAuNWsjVSh9g16qITPQKlXUmRGu683Zbaw-U"
      },
      "README.md": {
        "type": "file",
        "link": "/npm/package/babelplugin7transformobjectrestspreaf/files/1.2.0/README.md",
        "raw_link": "https://socketusercontent.com/blob/Q7C16IA1K3znr-n4p8fsfRd-zTsj-BAQo-Dql2tiUjFc"
      }
    },
    "analysis_mode": "suspicious",
    "total_versions": 9
  },
  "package_url": "https://www.npmjs.com/package/babelplugin7transformobjectrestspreaf",
  "reprocessed": true,
  "original_issues": [
    "files_without_raw: 2/5"
  ]
}