{
  "ghsa_id": null,
  "summary": null,
  "package_name": "babel-trasveres",
  "package_manager": "npm",
  "socket_data": {
    "package_name": "babel-trasveres",
    "package_manager": "npm",
    "suspicious_versions": [
      "1.2.0"
    ],
    "checked_versions": [
      "1.2.0"
    ],
    "repository_structure": {
      "HISTORY.md": {
        "type": "file",
        "link": "/npm/package/babel-trasveres/files/1.2.0/HISTORY.md",
        "raw_link": "https://socketusercontent.com/blob/QmQ_ySrTNHr-JXxhZNPxeFcCTqtKduOHw22y2eEIu2us"
      },
      "index.js": {
        "type": "file",
        "link": "/npm/package/babel-trasveres/files/1.2.0/index.js",
        "raw_link": "https://socketusercontent.com/blob/Q2kxPGnme2dkT3Pe2HHhDWBW6LFtBfJ4tnD9CCvzhS2M"
      },
      "LICENSE": {
        "type": "file",
        "link": "/npm/package/babel-trasveres/files/1.2.0/LICENSE",
        "raw_link": "https://socketusercontent.com/blob/Q3LlP-bHgN6hHvCBYncgaEGbQQf1MFt6xiw-paMZs85U"
      },
      "package.json": {
        "type": "file",
        "link": "/npm/package/babel-trasveres/files/1.2.0/package.json",
        "raw_link": "https://socketusercontent.com/blob/QoGYs9py7NWjeo9tlSgLESC_R0TUPtr79MdlsYBjK6Lc"
      },
      "README.md": {
        "type": "file",
        "link": "/npm/package/babel-trasveres/files/1.2.0/README.md",
        "raw_link": "https://socketusercontent.com/blob/Q7C16IA1K3znr-n4p8fsfRd-zTsj-BAQo-Dql2tiUjFc"
      }
    },
    "analysis_mode": "suspicious",
    "total_versions": 2
  },
  "package_url": "https://www.npmjs.com/package/babel-trasveres",
  "reprocessed": true,
  "original_issues": [
    "files_without_raw: 3/5"
  ]
}