{
  "ghsa_id": null,
  "summary": null,
  "package_name": "bc-demo",
  "package_manager": "npm",
  "socket_data": {
    "package_name": "bc-demo",
    "package_manager": "npm",
    "suspicious_versions": [
      "1.0.1",
      "1.0.0"
    ],
    "checked_versions": [
      "1.0.1",
      "1.0.0"
    ],
    "repository_structure": {
      "ctf": {
        "type": "directory",
        "link": "/npm/package/bc-demo/files/1.0.1/ctf",
        "children": {}
      },
      "index.js": {
        "type": "file",
        "link": "/npm/package/bc-demo/files/1.0.1/index.js",
        "raw_link": null
      },
      "package.json": {
        "type": "file",
        "link": "/npm/package/bc-demo/files/1.0.1/package.json",
        "raw_link": "https://socketusercontent.com/blob/QyHsvlP8OkgU5uiQTY4ruddsCXX0ZufG4UsREwGGX2e4"
      },
      "test.js": {
        "type": "file",
        "link": "/npm/package/bc-demo/files/1.0.1/test.js",
        "raw_link": null
      }
    },
    "analysis_mode": "suspicious",
    "total_versions": 3
  },
  "package_url": "https://www.npmjs.com/package/bc-demo",
  "reprocessed": true,
  "original_issues": [
    "files_without_raw: 3/3",
    "all_dirs_empty: 1"
  ]
}