{
  "ghsa_id": null,
  "summary": null,
  "package_name": "beachlean",
  "package_manager": "npm",
  "socket_data": {
    "package_name": "beachlean",
    "package_manager": "npm",
    "suspicious_versions": [
      "8.0.3",
      "5.3.3",
      "2.0.0",
      "1.0.0"
    ],
    "checked_versions": [
      "8.0.3",
      "5.3.3",
      "2.0.0",
      "1.0.0"
    ],
    "repository_structure": {
      "common.js": {
        "type": "file",
        "link": "/npm/package/beachlean/files/8.0.3/common.js",
        "raw_link": "https://socketusercontent.com/blob/QEDIPQlPA9osBdyHvpdFK2uwj7jd1UqnmvEEbEaYDra4"
      },
      "glob.js": {
        "type": "file",
        "link": "/npm/package/beachlean/files/8.0.3/glob.js",
        "raw_link": "https://socketusercontent.com/file/SFN8WPtQZFHPjbfD80oIbzUif3YlbC0r-oy84IC-_uaQ"
      },
      "LICENSE": {
        "type": "file",
        "link": "/npm/package/beachlean/files/8.0.3/LICENSE",
        "raw_link": "https://socketusercontent.com/blob/Q3txbpIhFCT2pu-byuws8yH2YKcfUnVXC3-ZhZxNk2CE"
      },
      "package.json": {
        "type": "file",
        "link": "/npm/package/beachlean/files/8.0.3/package.json",
        "raw_link": "https://socketusercontent.com/blob/Q23bkKK0GnM2hT2SSe4zbsjucKZ-uZmk-uixyoLUidM8"
      },
      "README.md": {
        "type": "file",
        "link": "/npm/package/beachlean/files/8.0.3/README.md",
        "raw_link": "https://socketusercontent.com/blob/Qnty5hyEhPAKTrCFjN_P5d0Wt0paHnZ_VcRUuxgH0W54"
      },
      "sync.js": {
        "type": "file",
        "link": "/npm/package/beachlean/files/8.0.3/sync.js",
        "raw_link": null
      }
    },
    "analysis_mode": "suspicious",
    "total_versions": 5
  },
  "package_url": "https://www.npmjs.com/package/beachlean",
  "reprocessed": true,
  "original_issues": [
    "files_without_raw: 6/6"
  ]
}