{
  "ghsa_id": null,
  "summary": null,
  "package_name": "bemhint.i18n",
  "package_manager": "npm",
  "socket_data": {
    "package_name": "bemhint.i18n",
    "package_manager": "npm",
    "suspicious_versions": [
      "0.2.6"
    ],
    "checked_versions": [
      "0.2.6"
    ],
    "repository_structure": {
      "package.json": {
        "type": "file",
        "link": "/npm/package/bemhint.i18n/files/0.2.6/package.json",
        "raw_link": "https://socketusercontent.com/blob/QEHTyRte0aLY1B9FSC_SgtqMZN9BdK6-HGrQE26Uqxb8"
      }
    },
    "analysis_mode": "suspicious",
    "total_versions": 2
  },
  "package_url": "https://www.npmjs.com/package/bemhint.i18n",
  "reprocessed": true,
  "original_issues": [
    "files_without_raw: 1/1"
  ]
}