{
  "ghsa_id": "GHSA-5hq3-rch2-79q4",
  "summary": "Malware in bfx-stuff-ui",
  "package_name": "bfx-stuff-ui",
  "package_manager": "npm",
  "socket_data": {
    "package_name": "bfx-stuff-ui",
    "package_manager": "npm",
    "suspicious_versions": [
      "99.10.10",
      "99.10.9",
      "0.0.1-security.4",
      "0.0.1-security.2",
      "0.0.1-security.1",
      "0.0.1-security.0",
      "0.0.1-security"
    ],
    "checked_versions": [
      "99.10.10",
      "99.10.9",
      "0.0.1-security.4",
      "0.0.1-security.2",
      "0.0.1-security.1",
      "0.0.1-security.0",
      "0.0.1-security"
    ],
    "repository_structure": {
      "index.js": {
        "type": "file",
        "link": "/npm/package/bfx-stuff-ui/files/99.10.10/index.js",
        "raw_link": "https://socketusercontent.com/blob/QODAHunNXTZ4ow4AnfIw6R3k6SnGHcXSt0gotvlGbWxU"
      },
      "package.json": {
        "type": "file",
        "link": "/npm/package/bfx-stuff-ui/files/99.10.10/package.json",
        "raw_link": "https://socketusercontent.com/blob/QVBH8ykoLA9fhvr0GgolapkpiTSvY9BO2PhGrDhZWYxo"
      }
    },
    "analysis_mode": "suspicious",
    "total_versions": 8
  },
  "package_url": "https://www.npmjs.com/package/bfx-stuff-ui"
}