{
  "ghsa_id": null,
  "summary": null,
  "package_name": "bifrostmigrationmonitor",
  "package_manager": "npm",
  "socket_data": {
    "package_name": "bifrostmigrationmonitor",
    "package_manager": "npm",
    "suspicious_versions": [
      "1.0.0"
    ],
    "checked_versions": [
      "1.0.0"
    ],
    "repository_structure": {
      ".idea": {
        "type": "directory",
        "link": "/npm/package/bifrostmigrationmonitor/files/1.0.0/.idea",
        "children": {}
      },
      "index.js": {
        "type": "file",
        "link": "/npm/package/bifrostmigrationmonitor/files/1.0.0/index.js",
        "raw_link": null
      },
      "package.json": {
        "type": "file",
        "link": "/npm/package/bifrostmigrationmonitor/files/1.0.0/package.json",
        "raw_link": null
      },
      "README.md": {
        "type": "file",
        "link": "/npm/package/bifrostmigrationmonitor/files/1.0.0/README.md",
        "raw_link": "https://socketusercontent.com/blob/Q2cnyVtHmGij8A5fdALKRe_jJ-FgqD4Fu8OTlVicwj-g"
      }
    },
    "analysis_mode": "suspicious",
    "total_versions": 2
  },
  "package_url": "https://www.npmjs.com/package/bifrostmigrationmonitor",
  "reprocessed": true,
  "original_issues": [
    "files_without_raw: 3/3",
    "all_dirs_empty: 1"
  ]
}