{
  "ghsa_id": null,
  "summary": null,
  "package_name": "big-design",
  "package_manager": "npm",
  "socket_data": {
    "package_name": "big-design",
    "package_manager": "npm",
    "suspicious_versions": [
      "3.0.0",
      "2.0.0"
    ],
    "checked_versions": [
      "3.0.0",
      "2.0.0"
    ],
    "repository_structure": {
      "index.js": {
        "type": "file",
        "link": "/npm/package/big-design/files/3.0.0/index.js",
        "raw_link": "https://socketusercontent.com/blob/Q0qgDG462rLtEe1NI-yw-vq5Itu-BD75HYPQVmAqgHqA"
      },
      "package.json": {
        "type": "file",
        "link": "/npm/package/big-design/files/3.0.0/package.json",
        "raw_link": null
      }
    },
    "analysis_mode": "suspicious",
    "total_versions": 3
  },
  "package_url": "https://www.npmjs.com/package/big-design",
  "reprocessed": true,
  "original_issues": [
    "files_without_raw: 1/2"
  ]
}