{
  "ghsa_id": null,
  "summary": null,
  "package_name": "bitget-internal",
  "package_manager": "npm",
  "socket_data": {
    "package_name": "bitget-internal",
    "package_manager": "npm",
    "suspicious_versions": [
      "19.4.9"
    ],
    "checked_versions": [
      "19.4.9"
    ],
    "repository_structure": {
      "index.js": {
        "type": "file",
        "link": "/npm/package/bitget-internal/files/19.4.9/index.js",
        "raw_link": "https://socketusercontent.com/blob/Q47DEQpj8HBSa-_TImW-5JCeuQeRkm5NMpJWZG3hSuFU"
      },
      "package.json": {
        "type": "file",
        "link": "/npm/package/bitget-internal/files/19.4.9/package.json",
        "raw_link": "https://socketusercontent.com/blob/QRVrBIEsgK0NhaEafYOBSwTmkeLDN1NqK83nE8GgAEnA"
      }
    },
    "analysis_mode": "suspicious",
    "total_versions": 2
  },
  "package_url": "https://www.npmjs.com/package/bitget-internal",
  "reprocessed": true,
  "original_issues": [
    "files_without_raw: 1/2"
  ]
}