{
  "ghsa_id": null,
  "summary": null,
  "package_name": "blockchain-explorer-sdk",
  "package_manager": "npm",
  "socket_data": {
    "package_name": "blockchain-explorer-sdk",
    "package_manager": "npm",
    "suspicious_versions": [
      "0.1.206",
      "0.1.205",
      "0.1.163",
      "0.1.0"
    ],
    "checked_versions": [
      "0.1.206",
      "0.1.205",
      "0.1.163",
      "0.1.0"
    ],
    "repository_structure": {
      "package.json": {
        "type": "file",
        "link": "/npm/package/blockchain-explorer-sdk/files/0.1.206/package.json",
        "raw_link": null
      },
      "poc.js": {
        "type": "file",
        "link": "/npm/package/blockchain-explorer-sdk/files/0.1.206/poc.js",
        "raw_link": "https://socketusercontent.com/blob/QcUnwLHfITLhUMZ7f5OUnnGuXwvkgpcoYBe5-2F7WKJQ"
      }
    },
    "analysis_mode": "suspicious",
    "total_versions": 5
  },
  "package_url": "https://www.npmjs.com/package/blockchain-explorer-sdk",
  "reprocessed": true,
  "original_issues": [
    "files_without_raw: 1/2"
  ]
}