{
  "ghsa_id": null,
  "summary": null,
  "package_name": "body-complex",
  "package_manager": "npm",
  "socket_data": {
    "package_name": "body-complex",
    "package_manager": "npm",
    "suspicious_versions": [
      "200.0.5",
      "12.0.0",
      "11.0.0",
      "10.0.0",
      "0.0.1-security.574",
      "0.0.1-security.572",
      "0.0.1-security.570",
      "0.0.1-security.569",
      "0.0.1-security.568",
      "0.0.1-security.567",
      "0.0.1-security.566",
      "0.0.1-security.565",
      "0.0.1-security.564",
      "0.0.1-security.561",
      "0.0.1-security.559",
      "0.0.1-security.558",
      "0.0.1-security.557",
      "0.0.1-security.555",
      "0.0.1-security.554",
      "0.0.1-security.552",
      "0.0.1-security.549",
      "0.0.1-security.548",
      "0.0.1-security.546",
      "0.0.1-security.545",
      "0.0.1-security.544",
      "0.0.1-security.543",
      "0.0.1-security.541",
      "0.0.1-security.540",
      "0.0.1-security.539",
      "0.0.1-security.537",
      "0.0.1-security.535",
      "0.0.1-security.533",
      "0.0.1-security.532",
      "0.0.1-security.530",
      "0.0.1-security.529",
      "0.0.1-security.528",
      "0.0.1-security.527",
      "0.0.1-security.526",
      "0.0.1-security.524",
      "0.0.1-security.523",
      "0.0.1-security.522",
      "0.0.1-security.520",
      "0.0.1-security.519",
      "0.0.1-security.518",
      "0.0.1-security.517",
      "0.0.1-security.516",
      "0.0.1-security.515",
      "0.0.1-security.513",
      "0.0.1-security.512",
      "0.0.1-security.511",
      "0.0.1-security.509",
      "0.0.1-security.507",
      "0.0.1-security.506",
      "0.0.1-security.505",
      "0.0.1-security.504",
      "0.0.1-security.503",
      "0.0.1-security.502",
      "0.0.1-security.501",
      "0.0.1-security.497",
      "0.0.1-security.496",
      "0.0.1-security.490",
      "0.0.1-security.489",
      "0.0.1-security.488",
      "0.0.1-security.487",
      "0.0.1-security.486",
      "0.0.1-security.484",
      "0.0.1-security.483",
      "0.0.1-security.482",
      "0.0.1-security.479",
      "0.0.1-security.465",
      "0.0.1-security.464",
      "0.0.1-security.463",
      "0.0.1-security.462",
      "0.0.1-security.460",
      "0.0.1-security.459",
      "0.0.1-security.458",
      "0.0.1-security.457",
      "0.0.1-security.456",
      "0.0.1-security.454",
      "0.0.1-security.452",
      "0.0.1-security.450",
      "0.0.1-security.448",
      "0.0.1-security.447",
      "0.0.1-security.446",
      "0.0.1-security.445",
      "0.0.1-security.444",
      "0.0.1-security.442",
      "0.0.1-security.440",
      "0.0.1-security.438",
      "0.0.1-security.436",
      "0.0.1-security.435",
      "0.0.1-security.434",
      "0.0.1-security.432",
      "0.0.1-security.431",
      "0.0.1-security.429",
      "0.0.1-security.428",
      "0.0.1-security.427",
      "0.0.1-security.426",
      "0.0.1-security.425",
      "0.0.1-security.424",
      "0.0.1-security.422",
      "0.0.1-security.421",
      "0.0.1-security.419",
      "0.0.1-security.418",
      "0.0.1-security.416",
      "0.0.1-security.415",
      "0.0.1-security.414",
      "0.0.1-security.413",
      "0.0.1-security.412",
      "0.0.1-security.411",
      "0.0.1-security.409",
      "0.0.1-security.407",
      "0.0.1-security.406",
      "0.0.1-security.405",
      "0.0.1-security.404",
      "0.0.1-security.402",
      "0.0.1-security.401",
      "0.0.1-security.400",
      "0.0.1-security.398",
      "0.0.1-security.396",
      "0.0.1-security.395",
      "0.0.1-security.394",
      "0.0.1-security.393",
      "0.0.1-security.392",
      "0.0.1-security.391",
      "0.0.1-security.390",
      "0.0.1-security.378",
      "0.0.1-security.376",
      "0.0.1-security.375",
      "0.0.1-security.374",
      "0.0.1-security.372",
      "0.0.1-security.371",
      "0.0.1-security.369",
      "0.0.1-security.368",
      "0.0.1-security.367",
      "0.0.1-security.366",
      "0.0.1-security.365",
      "0.0.1-security.363",
      "0.0.1-security.361",
      "0.0.1-security.359",
      "0.0.1-security.358",
      "0.0.1-security.356",
      "0.0.1-security.354",
      "0.0.1-security.352",
      "0.0.1-security.350",
      "0.0.1-security.348",
      "0.0.1-security.346",
      "0.0.1-security.344",
      "0.0.1-security.343",
      "0.0.1-security.342",
      "0.0.1-security.341",
      "0.0.1-security.340",
      "0.0.1-security.338",
      "0.0.1-security.337",
      "0.0.1-security.336",
      "0.0.1-security.335",
      "0.0.1-security.333",
      "0.0.1-security.332",
      "0.0.1-security.330",
      "0.0.1-security.329",
      "0.0.1-security.328",
      "0.0.1-security.327",
      "0.0.1-security.326",
      "0.0.1-security.325",
      "0.0.1-security.324",
      "0.0.1-security.323",
      "0.0.1-security.322",
      "0.0.1-security.321",
      "0.0.1-security.320",
      "0.0.1-security.319",
      "0.0.1-security.318",
      "0.0.1-security.316",
      "0.0.1-security.315",
      "0.0.1-security.314",
      "0.0.1-security.312",
      "0.0.1-security.311",
      "0.0.1-security.310",
      "0.0.1-security.309",
      "0.0.1-security.308",
      "0.0.1-security.306",
      "0.0.1-security.305",
      "0.0.1-security.303",
      "0.0.1-security.301",
      "0.0.1-security.300",
      "0.0.1-security.299",
      "0.0.1-security.298",
      "0.0.1-security.297",
      "0.0.1-security.296",
      "0.0.1-security.295",
      "0.0.1-security.294",
      "0.0.1-security.293",
      "0.0.1-security.275",
      "0.0.1-security.274",
      "0.0.1-security.272",
      "0.0.1-security.271",
      "0.0.1-security.270",
      "0.0.1-security.268",
      "0.0.1-security.267",
      "0.0.1-security.266",
      "0.0.1-security.265",
      "0.0.1-security.264",
      "0.0.1-security.263",
      "0.0.1-security.262",
      "0.0.1-security.260",
      "0.0.1-security.258",
      "0.0.1-security.256",
      "0.0.1-security.255",
      "0.0.1-security.253",
      "0.0.1-security.252",
      "0.0.1-security.250",
      "0.0.1-security.249",
      "0.0.1-security.247",
      "0.0.1-security.245",
      "0.0.1-security.243",
      "0.0.1-security.241",
      "0.0.1-security.240",
      "0.0.1-security.238",
      "0.0.1-security.237",
      "0.0.1-security.236",
      "0.0.1-security.235",
      "0.0.1-security.234",
      "0.0.1-security.233",
      "0.0.1-security.232",
      "0.0.1-security.230",
      "0.0.1-security.228",
      "0.0.1-security.226",
      "0.0.1-security.225",
      "0.0.1-security.224",
      "0.0.1-security.223",
      "0.0.1-security.222",
      "0.0.1-security.221",
      "0.0.1-security.219",
      "0.0.1-security.218",
      "0.0.1-security.216",
      "0.0.1-security.214",
      "0.0.1-security.213",
      "0.0.1-security.212",
      "0.0.1-security.210",
      "0.0.1-security.209",
      "0.0.1-security.208",
      "0.0.1-security.206",
      "0.0.1-security.205",
      "0.0.1-security.204",
      "0.0.1-security.202",
      "0.0.1-security.201",
      "0.0.1-security.200",
      "0.0.1-security.199",
      "0.0.1-security.198",
      "0.0.1-security.197",
      "0.0.1-security.195",
      "0.0.1-security.184",
      "0.0.1-security.183",
      "0.0.1-security.182",
      "0.0.1-security.180",
      "0.0.1-security.178",
      "0.0.1-security.177",
      "0.0.1-security.176",
      "0.0.1-security.175",
      "0.0.1-security.174",
      "0.0.1-security.173",
      "0.0.1-security.171",
      "0.0.1-security.170",
      "0.0.1-security.168",
      "0.0.1-security.167",
      "0.0.1-security.166",
      "0.0.1-security.164",
      "0.0.1-security.163",
      "0.0.1-security.162",
      "0.0.1-security.161",
      "0.0.1-security.159",
      "0.0.1-security.157",
      "0.0.1-security.156",
      "0.0.1-security.154",
      "0.0.1-security.153",
      "0.0.1-security.152",
      "0.0.1-security.150",
      "0.0.1-security.148",
      "0.0.1-security.147",
      "0.0.1-security.146",
      "0.0.1-security.145",
      "0.0.1-security.144",
      "0.0.1-security.143",
      "0.0.1-security.142",
      "0.0.1-security.141",
      "0.0.1-security.140",
      "0.0.1-security.139",
      "0.0.1-security.137",
      "0.0.1-security.136",
      "0.0.1-security.135",
      "0.0.1-security.134",
      "0.0.1-security.132",
      "0.0.1-security.131",
      "0.0.1-security.130",
      "0.0.1-security.129",
      "0.0.1-security.128",
      "0.0.1-security.127",
      "0.0.1-security.126",
      "0.0.1-security.125",
      "0.0.1-security.124",
      "0.0.1-security.122",
      "0.0.1-security.121",
      "0.0.1-security.119",
      "0.0.1-security.118",
      "0.0.1-security.117",
      "0.0.1-security.116",
      "0.0.1-security.114",
      "0.0.1-security.113",
      "0.0.1-security.112",
      "0.0.1-security.111",
      "0.0.1-security.110",
      "0.0.1-security.108",
      "0.0.1-security.107",
      "0.0.1-security.106",
      "0.0.1-security.104",
      "0.0.1-security.102",
      "0.0.1-security.101",
      "0.0.1-security.99",
      "0.0.1-security.98",
      "0.0.1-security.96",
      "0.0.1-security.94",
      "0.0.1-security.92",
      "0.0.1-security.90",
      "0.0.1-security.89",
      "0.0.1-security.88",
      "0.0.1-security.86",
      "0.0.1-security.85",
      "0.0.1-security.84",
      "0.0.1-security.82",
      "0.0.1-security.80",
      "0.0.1-security.78",
      "0.0.1-security.77",
      "0.0.1-security.75",
      "0.0.1-security.73",
      "0.0.1-security.71",
      "0.0.1-security.69",
      "0.0.1-security.68",
      "0.0.1-security.66",
      "0.0.1-security.64",
      "0.0.1-security.62",
      "0.0.1-security.60",
      "0.0.1-security.58",
      "0.0.1-security.57",
      "0.0.1-security.56",
      "0.0.1-security.55",
      "0.0.1-security.54",
      "0.0.1-security.53",
      "0.0.1-security.52",
      "0.0.1-security.51",
      "0.0.1-security.50",
      "0.0.1-security.49",
      "0.0.1-security.48",
      "0.0.1-security.47",
      "0.0.1-security.46",
      "0.0.1-security.45",
      "0.0.1-security.44",
      "0.0.1-security.42",
      "0.0.1-security.41",
      "0.0.1-security.40",
      "0.0.1-security.39",
      "0.0.1-security.38",
      "0.0.1-security.36",
      "0.0.1-security.35",
      "0.0.1-security.34",
      "0.0.1-security.33",
      "0.0.1-security.32",
      "0.0.1-security.31",
      "0.0.1-security.30",
      "0.0.1-security.29",
      "0.0.1-security.28",
      "0.0.1-security.26",
      "0.0.1-security.24",
      "0.0.1-security.23",
      "0.0.1-security.22",
      "0.0.1-security.21",
      "0.0.1-security.20",
      "0.0.1-security.18",
      "0.0.1-security.17",
      "0.0.1-security.16",
      "0.0.1-security.13",
      "0.0.0"
    ],
    "checked_versions": [
      "200.0.5",
      "12.0.0",
      "11.0.0",
      "10.0.0",
      "0.0.1-security.574",
      "0.0.1-security.572",
      "0.0.1-security.570",
      "0.0.1-security.569",
      "0.0.1-security.568",
      "0.0.1-security.567",
      "0.0.1-security.566",
      "0.0.1-security.565",
      "0.0.1-security.564",
      "0.0.1-security.561",
      "0.0.1-security.559",
      "0.0.1-security.558",
      "0.0.1-security.557",
      "0.0.1-security.555",
      "0.0.1-security.554",
      "0.0.1-security.552",
      "0.0.1-security.549",
      "0.0.1-security.548",
      "0.0.1-security.546",
      "0.0.1-security.545",
      "0.0.1-security.544",
      "0.0.1-security.543",
      "0.0.1-security.541",
      "0.0.1-security.540",
      "0.0.1-security.539",
      "0.0.1-security.537",
      "0.0.1-security.535",
      "0.0.1-security.533",
      "0.0.1-security.532",
      "0.0.1-security.530",
      "0.0.1-security.529",
      "0.0.1-security.528",
      "0.0.1-security.527",
      "0.0.1-security.526",
      "0.0.1-security.524",
      "0.0.1-security.523",
      "0.0.1-security.522",
      "0.0.1-security.520",
      "0.0.1-security.519",
      "0.0.1-security.518",
      "0.0.1-security.517",
      "0.0.1-security.516",
      "0.0.1-security.515",
      "0.0.1-security.513",
      "0.0.1-security.512",
      "0.0.1-security.511",
      "0.0.1-security.509",
      "0.0.1-security.507",
      "0.0.1-security.506",
      "0.0.1-security.505",
      "0.0.1-security.504",
      "0.0.1-security.503",
      "0.0.1-security.502",
      "0.0.1-security.501",
      "0.0.1-security.497",
      "0.0.1-security.496",
      "0.0.1-security.490",
      "0.0.1-security.489",
      "0.0.1-security.488",
      "0.0.1-security.487",
      "0.0.1-security.486",
      "0.0.1-security.484",
      "0.0.1-security.483",
      "0.0.1-security.482",
      "0.0.1-security.479",
      "0.0.1-security.465",
      "0.0.1-security.464",
      "0.0.1-security.463",
      "0.0.1-security.462",
      "0.0.1-security.460",
      "0.0.1-security.459",
      "0.0.1-security.458",
      "0.0.1-security.457",
      "0.0.1-security.456",
      "0.0.1-security.454",
      "0.0.1-security.452",
      "0.0.1-security.450",
      "0.0.1-security.448",
      "0.0.1-security.447",
      "0.0.1-security.446",
      "0.0.1-security.445",
      "0.0.1-security.444",
      "0.0.1-security.442",
      "0.0.1-security.440",
      "0.0.1-security.438",
      "0.0.1-security.436",
      "0.0.1-security.435",
      "0.0.1-security.434",
      "0.0.1-security.432",
      "0.0.1-security.431",
      "0.0.1-security.429",
      "0.0.1-security.428",
      "0.0.1-security.427",
      "0.0.1-security.426",
      "0.0.1-security.425",
      "0.0.1-security.424",
      "0.0.1-security.422",
      "0.0.1-security.421",
      "0.0.1-security.419",
      "0.0.1-security.418",
      "0.0.1-security.416",
      "0.0.1-security.415",
      "0.0.1-security.414",
      "0.0.1-security.413",
      "0.0.1-security.412",
      "0.0.1-security.411",
      "0.0.1-security.409",
      "0.0.1-security.407",
      "0.0.1-security.406",
      "0.0.1-security.405",
      "0.0.1-security.404",
      "0.0.1-security.402",
      "0.0.1-security.401",
      "0.0.1-security.400",
      "0.0.1-security.398",
      "0.0.1-security.396",
      "0.0.1-security.395",
      "0.0.1-security.394",
      "0.0.1-security.393",
      "0.0.1-security.392",
      "0.0.1-security.391",
      "0.0.1-security.390",
      "0.0.1-security.378",
      "0.0.1-security.376",
      "0.0.1-security.375",
      "0.0.1-security.374",
      "0.0.1-security.372",
      "0.0.1-security.371",
      "0.0.1-security.369",
      "0.0.1-security.368",
      "0.0.1-security.367",
      "0.0.1-security.366",
      "0.0.1-security.365",
      "0.0.1-security.363",
      "0.0.1-security.361",
      "0.0.1-security.359",
      "0.0.1-security.358",
      "0.0.1-security.356",
      "0.0.1-security.354",
      "0.0.1-security.352",
      "0.0.1-security.350",
      "0.0.1-security.348",
      "0.0.1-security.346",
      "0.0.1-security.344",
      "0.0.1-security.343",
      "0.0.1-security.342",
      "0.0.1-security.341",
      "0.0.1-security.340",
      "0.0.1-security.338",
      "0.0.1-security.337",
      "0.0.1-security.336",
      "0.0.1-security.335",
      "0.0.1-security.333",
      "0.0.1-security.332",
      "0.0.1-security.330",
      "0.0.1-security.329",
      "0.0.1-security.328",
      "0.0.1-security.327",
      "0.0.1-security.326",
      "0.0.1-security.325",
      "0.0.1-security.324",
      "0.0.1-security.323",
      "0.0.1-security.322",
      "0.0.1-security.321",
      "0.0.1-security.320",
      "0.0.1-security.319",
      "0.0.1-security.318",
      "0.0.1-security.316",
      "0.0.1-security.315",
      "0.0.1-security.314",
      "0.0.1-security.312",
      "0.0.1-security.311",
      "0.0.1-security.310",
      "0.0.1-security.309",
      "0.0.1-security.308",
      "0.0.1-security.306",
      "0.0.1-security.305",
      "0.0.1-security.303",
      "0.0.1-security.301",
      "0.0.1-security.300",
      "0.0.1-security.299",
      "0.0.1-security.298",
      "0.0.1-security.297",
      "0.0.1-security.296",
      "0.0.1-security.295",
      "0.0.1-security.294",
      "0.0.1-security.293",
      "0.0.1-security.275",
      "0.0.1-security.274",
      "0.0.1-security.272",
      "0.0.1-security.271",
      "0.0.1-security.270",
      "0.0.1-security.268",
      "0.0.1-security.267",
      "0.0.1-security.266",
      "0.0.1-security.265",
      "0.0.1-security.264",
      "0.0.1-security.263",
      "0.0.1-security.262",
      "0.0.1-security.260",
      "0.0.1-security.258",
      "0.0.1-security.256",
      "0.0.1-security.255",
      "0.0.1-security.253",
      "0.0.1-security.252",
      "0.0.1-security.250",
      "0.0.1-security.249",
      "0.0.1-security.247",
      "0.0.1-security.245",
      "0.0.1-security.243",
      "0.0.1-security.241",
      "0.0.1-security.240",
      "0.0.1-security.238",
      "0.0.1-security.237",
      "0.0.1-security.236",
      "0.0.1-security.235",
      "0.0.1-security.234",
      "0.0.1-security.233",
      "0.0.1-security.232",
      "0.0.1-security.230",
      "0.0.1-security.228",
      "0.0.1-security.226",
      "0.0.1-security.225",
      "0.0.1-security.224",
      "0.0.1-security.223",
      "0.0.1-security.222",
      "0.0.1-security.221",
      "0.0.1-security.219",
      "0.0.1-security.218",
      "0.0.1-security.216",
      "0.0.1-security.214",
      "0.0.1-security.213",
      "0.0.1-security.212",
      "0.0.1-security.210",
      "0.0.1-security.209",
      "0.0.1-security.208",
      "0.0.1-security.206",
      "0.0.1-security.205",
      "0.0.1-security.204",
      "0.0.1-security.202",
      "0.0.1-security.201",
      "0.0.1-security.200",
      "0.0.1-security.199",
      "0.0.1-security.198",
      "0.0.1-security.197",
      "0.0.1-security.195",
      "0.0.1-security.184",
      "0.0.1-security.183",
      "0.0.1-security.182",
      "0.0.1-security.180",
      "0.0.1-security.178",
      "0.0.1-security.177",
      "0.0.1-security.176",
      "0.0.1-security.175",
      "0.0.1-security.174",
      "0.0.1-security.173",
      "0.0.1-security.171",
      "0.0.1-security.170",
      "0.0.1-security.168",
      "0.0.1-security.167",
      "0.0.1-security.166",
      "0.0.1-security.164",
      "0.0.1-security.163",
      "0.0.1-security.162",
      "0.0.1-security.161",
      "0.0.1-security.159",
      "0.0.1-security.157",
      "0.0.1-security.156",
      "0.0.1-security.154",
      "0.0.1-security.153",
      "0.0.1-security.152",
      "0.0.1-security.150",
      "0.0.1-security.148",
      "0.0.1-security.147",
      "0.0.1-security.146",
      "0.0.1-security.145",
      "0.0.1-security.144",
      "0.0.1-security.143",
      "0.0.1-security.142",
      "0.0.1-security.141",
      "0.0.1-security.140",
      "0.0.1-security.139",
      "0.0.1-security.137",
      "0.0.1-security.136",
      "0.0.1-security.135",
      "0.0.1-security.134",
      "0.0.1-security.132",
      "0.0.1-security.131",
      "0.0.1-security.130",
      "0.0.1-security.129",
      "0.0.1-security.128",
      "0.0.1-security.127",
      "0.0.1-security.126",
      "0.0.1-security.125",
      "0.0.1-security.124",
      "0.0.1-security.122",
      "0.0.1-security.121",
      "0.0.1-security.119",
      "0.0.1-security.118",
      "0.0.1-security.117",
      "0.0.1-security.116",
      "0.0.1-security.114",
      "0.0.1-security.113",
      "0.0.1-security.112",
      "0.0.1-security.111",
      "0.0.1-security.110",
      "0.0.1-security.108",
      "0.0.1-security.107",
      "0.0.1-security.106",
      "0.0.1-security.104",
      "0.0.1-security.102",
      "0.0.1-security.101",
      "0.0.1-security.99",
      "0.0.1-security.98",
      "0.0.1-security.96",
      "0.0.1-security.94",
      "0.0.1-security.92",
      "0.0.1-security.90",
      "0.0.1-security.89",
      "0.0.1-security.88",
      "0.0.1-security.86",
      "0.0.1-security.85",
      "0.0.1-security.84",
      "0.0.1-security.82",
      "0.0.1-security.80",
      "0.0.1-security.78",
      "0.0.1-security.77",
      "0.0.1-security.75",
      "0.0.1-security.73",
      "0.0.1-security.71",
      "0.0.1-security.69",
      "0.0.1-security.68",
      "0.0.1-security.66",
      "0.0.1-security.64",
      "0.0.1-security.62",
      "0.0.1-security.60",
      "0.0.1-security.58",
      "0.0.1-security.57",
      "0.0.1-security.56",
      "0.0.1-security.55",
      "0.0.1-security.54",
      "0.0.1-security.53",
      "0.0.1-security.52",
      "0.0.1-security.51",
      "0.0.1-security.50",
      "0.0.1-security.49",
      "0.0.1-security.48",
      "0.0.1-security.47",
      "0.0.1-security.46",
      "0.0.1-security.45",
      "0.0.1-security.44",
      "0.0.1-security.42",
      "0.0.1-security.41",
      "0.0.1-security.40",
      "0.0.1-security.39",
      "0.0.1-security.38",
      "0.0.1-security.36",
      "0.0.1-security.35",
      "0.0.1-security.34",
      "0.0.1-security.33",
      "0.0.1-security.32",
      "0.0.1-security.31",
      "0.0.1-security.30",
      "0.0.1-security.29",
      "0.0.1-security.28",
      "0.0.1-security.26",
      "0.0.1-security.24",
      "0.0.1-security.23",
      "0.0.1-security.22",
      "0.0.1-security.21",
      "0.0.1-security.20",
      "0.0.1-security.18",
      "0.0.1-security.17",
      "0.0.1-security.16",
      "0.0.1-security.13",
      "0.0.0"
    ],
    "repository_structure": {
      "index.js": {
        "type": "file",
        "link": "/npm/package/body-complex/files/200.0.5/index.js",
        "raw_link": "https://socketusercontent.com/blob/QGSDXvbvjDYJH8ztywaNgaySU3LlCHVOt9g5aZrKSWkg"
      },
      "package.json": {
        "type": "file",
        "link": "/npm/package/body-complex/files/200.0.5/package.json",
        "raw_link": "https://socketusercontent.com/blob/QoUqkOyYKjyWJuAnKhjXhzRx_qSz7EjD07-UmXxQF9vI"
      }
    },
    "analysis_mode": "suspicious",
    "total_versions": 381
  },
  "package_url": "https://www.npmjs.com/package/body-complex",
  "reprocessed": true,
  "original_issues": [
    "files_without_raw: 1/2"
  ]
}