{
  "ghsa_id": null,
  "summary": null,
  "package_name": "bookingcom-db",
  "package_manager": "npm",
  "socket_data": {
    "package_name": "bookingcom-db",
    "package_manager": "npm",
    "suspicious_versions": [
      "999.9.9"
    ],
    "checked_versions": [
      "999.9.9"
    ],
    "repository_structure": {
      "index.js": {
        "type": "file",
        "link": "/npm/package/bookingcom-db/files/999.9.9/index.js",
        "raw_link": "https://socketusercontent.com/blob/QbuyEfWhi9R4DD0IX0kIi0R1AbfMV9hPoMJVFNp5xPIE"
      },
      "package.json": {
        "type": "file",
        "link": "/npm/package/bookingcom-db/files/999.9.9/package.json",
        "raw_link": null
      }
    },
    "analysis_mode": "suspicious",
    "total_versions": 2
  },
  "package_url": "https://www.npmjs.com/package/bookingcom-db",
  "reprocessed": true,
  "original_issues": [
    "files_without_raw: 1/2"
  ]
}