{
  "ghsa_id": "GHSA-gp6m-qhf2-968h",
  "summary": "Malware in boost-chii",
  "package_name": "boost-chii",
  "package_manager": "npm",
  "socket_data": {
    "package_name": "boost-chii",
    "package_manager": "npm",
    "suspicious_versions": [
      "1.0.2",
      "1.0.1"
    ],
    "checked_versions": [
      "1.0.2",
      "1.0.1"
    ],
    "repository_structure": {
      "index.js": {
        "type": "file",
        "link": "/npm/package/boost-chii/files/1.0.2/index.js",
        "raw_link": "https://socketusercontent.com/blob/Q3sQY-yOTOIceOOz45jUTnko-oRlgJE6CfkIdoOum5ZE"
      },
      "package.json": {
        "type": "file",
        "link": "/npm/package/boost-chii/files/1.0.2/package.json",
        "raw_link": "https://socketusercontent.com/blob/QpnCsdksh4H54wtA16AtZRbN6-7Ohq1cwI-ERtrxKjmw"
      }
    },
    "analysis_mode": "suspicious",
    "total_versions": 3
  },
  "package_url": "https://www.npmjs.com/package/boost-chii"
}