{
  "ghsa_id": null,
  "summary": null,
  "package_name": "botbait",
  "package_manager": "npm",
  "socket_data": {
    "package_name": "botbait",
    "package_manager": "npm",
    "suspicious_versions": [
      "2.0.0",
      "1.0.1",
      "1.0.0"
    ],
    "checked_versions": [
      "2.0.0",
      "1.0.1",
      "1.0.0"
    ],
    "repository_structure": {
      "index.js": {
        "type": "file",
        "link": "/npm/package/botbait/files/2.0.0/index.js",
        "raw_link": null
      },
      "package.json": {
        "type": "file",
        "link": "/npm/package/botbait/files/2.0.0/package.json",
        "raw_link": null
      },
      "README.md": {
        "type": "file",
        "link": "/npm/package/botbait/files/2.0.0/README.md",
        "raw_link": null
      }
    },
    "analysis_mode": "suspicious",
    "total_versions": 4
  },
  "package_url": "https://www.npmjs.com/package/botbait",
  "reprocessed": true,
  "original_issues": [
    "files_without_raw: 1/3"
  ]
}