{
  "ghsa_id": null,
  "summary": null,
  "package_name": "breezeweather",
  "package_manager": "npm",
  "socket_data": {
    "package_name": "breezeweather",
    "package_manager": "npm",
    "suspicious_versions": [
      "1.0.1",
      "1.0.0"
    ],
    "checked_versions": [
      "1.0.1",
      "1.0.0"
    ],
    "repository_structure": {
      "bin": {
        "type": "directory",
        "link": "/npm/package/breezeweather/files/1.0.1/bin",
        "children": {}
      },
      "package.json": {
        "type": "file",
        "link": "/npm/package/breezeweather/files/1.0.1/package.json",
        "raw_link": "https://socketusercontent.com/blob/QuMdvjbgCNW8cBx_wu8ucYyb56HijbnqaEJ0kb5-_SVo"
      },
      "README.md": {
        "type": "file",
        "link": "/npm/package/breezeweather/files/1.0.1/README.md",
        "raw_link": "https://socketusercontent.com/blob/QQDC_p8C23-rRR1RHaInnn5IkQs-gsiS7rfvJuVZf0fI"
      }
    },
    "analysis_mode": "suspicious",
    "total_versions": 3
  },
  "package_url": "https://www.npmjs.com/package/breezeweather",
  "reprocessed": true,
  "original_issues": [
    "files_without_raw: 2/2",
    "all_dirs_empty: 1"
  ]
}