{
  "ghsa_id": null,
  "summary": null,
  "package_name": "brightening",
  "package_manager": "npm",
  "socket_data": {
    "package_name": "brightening",
    "package_manager": "npm",
    "suspicious_versions": [
      "1.8.2",
      "1.8.1-alpha",
      "1.7.2",
      "1.7.1",
      "1.7.1-alpha",
      "1.7.0-alpha",
      "1.6.6",
      "1.6.5",
      "1.6.4",
      "1.6.4-test",
      "1.6.4-alpha",
      "1.6.3",
      "1.6.2",
      "1.6.1",
      "1.6.0"
    ],
    "checked_versions": [
      "1.8.2",
      "1.8.1-alpha",
      "1.7.2",
      "1.7.1",
      "1.7.1-alpha",
      "1.7.0-alpha",
      "1.6.6",
      "1.6.5",
      "1.6.4",
      "1.6.4-test",
      "1.6.4-alpha",
      "1.6.3",
      "1.6.2",
      "1.6.1",
      "1.6.0"
    ],
    "repository_structure": {
      "examples": {
        "type": "directory",
        "link": "/npm/package/brightening/files/1.8.2/examples",
        "children": {}
      },
      "lib": {
        "type": "directory",
        "link": "/npm/package/brightening/files/1.8.2/lib",
        "children": {}
      },
      "themes": {
        "type": "directory",
        "link": "/npm/package/brightening/files/1.8.2/themes",
        "children": {}
      },
      "index.d.ts": {
        "type": "file",
        "link": "/npm/package/brightening/files/1.8.2/index.d.ts",
        "raw_link": null
      },
      "LICENSE": {
        "type": "file",
        "link": "/npm/package/brightening/files/1.8.2/LICENSE",
        "raw_link": null
      },
      "package.json": {
        "type": "file",
        "link": "/npm/package/brightening/files/1.8.2/package.json",
        "raw_link": null
      },
      "README.md": {
        "type": "file",
        "link": "/npm/package/brightening/files/1.8.2/README.md",
        "raw_link": null
      }
    },
    "analysis_mode": "suspicious",
    "total_versions": 16
  },
  "package_url": "https://www.npmjs.com/package/brightening",
  "reprocessed": true,
  "original_issues": [
    "files_without_raw: 3/4",
    "all_dirs_empty: 3"
  ]
}