{
  "ghsa_id": "GHSA-r2mh-x6p8-xvxr",
  "summary": "Malware in calc_ph6avsgeed",
  "package_name": "calc_ph6avsgeed",
  "package_manager": "npm",
  "socket_data": {
    "package_name": "calc_ph6avsgeed",
    "package_manager": "npm",
    "suspicious_versions": [
      "1.0.2",
      "1.0.1"
    ],
    "checked_versions": [
      "1.0.2",
      "1.0.1"
    ],
    "repository_structure": {
      "package.json": {
        "type": "file",
        "link": "/npm/package/calc_ph6avsgeed/files/1.0.2/package.json",
        "raw_link": "https://socketusercontent.com/blob/QjFBGMcXbeQCnBAH9PUgybILa6TE7wBWG0UkymVJqze0"
      }
    },
    "analysis_mode": "suspicious",
    "total_versions": 3
  },
  "package_url": "https://www.npmjs.com/package/calc_ph6avsgeed"
}