{
  "ghsa_id": null,
  "summary": null,
  "package_name": "capitain-title",
  "package_manager": "npm",
  "socket_data": {
    "package_name": "capitain-title",
    "package_manager": "npm",
    "suspicious_versions": [
      "3.4.4"
    ],
    "checked_versions": [
      "3.4.4"
    ],
    "repository_structure": {
      "bin": {
        "type": "directory",
        "link": "/npm/package/capitain-title/files/3.4.4/bin",
        "children": {}
      },
      "lib": {
        "type": "directory",
        "link": "/npm/package/capitain-title/files/3.4.4/lib",
        "children": {}
      },
      "license.md": {
        "type": "file",
        "link": "/npm/package/capitain-title/files/3.4.4/license.md",
        "raw_link": null
      },
      "package.json": {
        "type": "file",
        "link": "/npm/package/capitain-title/files/3.4.4/package.json",
        "raw_link": "https://socketusercontent.com/blob/QIhj3waBq1piD7wWOUcruvS9gS8AX1Cpj3dovcoAIlZs"
      },
      "readme.md": {
        "type": "file",
        "link": "/npm/package/capitain-title/files/3.4.4/readme.md",
        "raw_link": null
      }
    },
    "analysis_mode": "suspicious",
    "total_versions": 2
  },
  "package_url": "https://www.npmjs.com/package/capitain-title",
  "reprocessed": true,
  "original_issues": [
    "files_without_raw: 3/3",
    "all_dirs_empty: 2"
  ]
}