{
  "ghsa_id": "GHSA-85g2-7jh3-534f",
  "summary": "Malware in cargo_metadata",
  "package_name": "cargo_metadata",
  "package_manager": "npm",
  "socket_data": {
    "package_name": "cargo_metadata",
    "package_manager": "npm",
    "suspicious_versions": [
      "0.18.2",
      "0.10.1"
    ],
    "checked_versions": [
      "0.18.2",
      "0.10.1"
    ],
    "repository_structure": {
      "package.json": {
        "type": "file",
        "link": "/npm/package/cargo_metadata/files/0.18.2/package.json",
        "raw_link": "https://socketusercontent.com/blob/QYZxNdulHPTepGKttvd442oIrtX34EsyiWlcbiz2DLXY"
      }
    },
    "analysis_mode": "suspicious",
    "total_versions": 3
  },
  "package_url": "https://www.npmjs.com/package/cargo_metadata"
}