{
  "ghsa_id": null,
  "summary": null,
  "package_name": "case-result-reporter",
  "package_manager": "npm",
  "socket_data": {
    "package_name": "case-result-reporter",
    "package_manager": "npm",
    "suspicious_versions": [
      "3.0.0"
    ],
    "checked_versions": [
      "3.0.0"
    ],
    "repository_structure": {
      "index.js": {
        "type": "file",
        "link": "/npm/package/case-result-reporter/files/3.0.0/index.js",
        "raw_link": null
      },
      "package.json": {
        "type": "file",
        "link": "/npm/package/case-result-reporter/files/3.0.0/package.json",
        "raw_link": "https://socketusercontent.com/blob/Q7F3CV78i0g1Ci3G8gJGD_PpocdznlcU6Mo7WsheaCBI"
      }
    },
    "analysis_mode": "suspicious",
    "total_versions": 2
  },
  "package_url": "https://www.npmjs.com/package/case-result-reporter",
  "reprocessed": true,
  "original_issues": [
    "files_without_raw: 2/2"
  ]
}