{
  "ghsa_id": null,
  "summary": null,
  "package_name": "ceshia-node-stack",
  "package_manager": "npm",
  "socket_data": {
    "package_name": "ceshia-node-stack",
    "package_manager": "npm",
    "suspicious_versions": [
      "1.0.0"
    ],
    "checked_versions": [
      "1.0.0"
    ],
    "repository_structure": {
      "index.js": {
        "type": "file",
        "link": "/npm/package/ceshia-node-stack/files/1.0.0/index.js",
        "raw_link": "https://socketusercontent.com/blob/QX-cxJDcBFsKPaHB8DildUJBX9rlatLT9NHLCOaCHnh0"
      },
      "package.json": {
        "type": "file",
        "link": "/npm/package/ceshia-node-stack/files/1.0.0/package.json",
        "raw_link": "https://socketusercontent.com/blob/QgQ7BsAGo2L1S7-d1Waee2EzrIqTZ88zmdkm5AFHf45w"
      }
    },
    "analysis_mode": "suspicious",
    "total_versions": 2
  },
  "package_url": "https://www.npmjs.com/package/ceshia-node-stack",
  "reprocessed": true,
  "original_issues": [
    "files_without_raw: 2/2"
  ]
}