{
  "ghsa_id": "GHSA-r4xj-cp9h-p4cp",
  "summary": "Malware in chime-core-utils",
  "package_name": "chime-core-utils",
  "package_manager": "npm",
  "socket_data": {
    "package_name": "chime-core-utils",
    "package_manager": "npm",
    "suspicious_versions": [
      "1.0.0"
    ],
    "checked_versions": [
      "1.0.0"
    ],
    "analysis_mode": "suspicious",
    "total_versions": 2,
    "message": "No repository structure found"
  },
  "package_url": "https://www.npmjs.com/package/chime-core-utils"
}