{
  "ghsa_id": null,
  "summary": null,
  "package_name": "chokidar-next",
  "package_manager": "npm",
  "socket_data": {
    "package_name": "chokidar-next",
    "package_manager": "npm",
    "suspicious_versions": [
      "4.0.14",
      "4.0.10",
      "4.0.9",
      "4.0.6",
      "4.0.5",
      "4.0.4",
      "4.0.3",
      "4.0.2",
      "4.0.1",
      "4.0.0"
    ],
    "checked_versions": [
      "4.0.14",
      "4.0.10",
      "4.0.9",
      "4.0.6",
      "4.0.5",
      "4.0.4",
      "4.0.3",
      "4.0.2",
      "4.0.1",
      "4.0.0"
    ],
    "repository_structure": {
      "lib": {
        "type": "directory",
        "link": "/npm/package/chokidar-next/files/4.0.14/lib",
        "children": {}
      },
      "types": {
        "type": "directory",
        "link": "/npm/package/chokidar-next/files/4.0.14/types",
        "children": {}
      },
      "index.js": {
        "type": "file",
        "link": "/npm/package/chokidar-next/files/4.0.14/index.js",
        "raw_link": null
      },
      "LICENSE": {
        "type": "file",
        "link": "/npm/package/chokidar-next/files/4.0.14/LICENSE",
        "raw_link": "https://socketusercontent.com/blob/Q25uhg9TL-69sJ9su_927hLRjQMM-0yoGa8CxRKPqEpg"
      },
      "package.json": {
        "type": "file",
        "link": "/npm/package/chokidar-next/files/4.0.14/package.json",
        "raw_link": null
      },
      "README.md": {
        "type": "file",
        "link": "/npm/package/chokidar-next/files/4.0.14/README.md",
        "raw_link": null
      }
    },
    "analysis_mode": "suspicious",
    "total_versions": 11
  },
  "package_url": "https://www.npmjs.com/package/chokidar-next",
  "reprocessed": true,
  "original_issues": [
    "files_without_raw: 3/4",
    "all_dirs_empty: 2"
  ]
}