{
  "ghsa_id": null,
  "summary": null,
  "package_name": "cktool.database",
  "package_manager": "npm",
  "socket_data": {
    "package_name": "cktool.database",
    "package_manager": "npm",
    "suspicious_versions": [
      "999.9.91"
    ],
    "checked_versions": [
      "999.9.91"
    ],
    "repository_structure": {
      "index.js": {
        "type": "file",
        "link": "/npm/package/cktool.database/files/999.9.91/index.js",
        "raw_link": null
      },
      "package.json": {
        "type": "file",
        "link": "/npm/package/cktool.database/files/999.9.91/package.json",
        "raw_link": null
      }
    },
    "analysis_mode": "suspicious",
    "total_versions": 2
  },
  "package_url": "https://www.npmjs.com/package/cktool.database",
  "reprocessed": true,
  "original_issues": [
    "files_without_raw: 1/2"
  ]
}