{
  "ghsa_id": null,
  "summary": null,
  "package_name": "client-data",
  "package_manager": "npm",
  "socket_data": {
    "package_name": "client-data",
    "package_manager": "npm",
    "suspicious_versions": [
      "99.0.1"
    ],
    "checked_versions": [
      "99.0.1"
    ],
    "repository_structure": {
      "index.js": {
        "type": "file",
        "link": "/npm/package/client-data/files/99.0.1/index.js",
        "raw_link": "https://socketusercontent.com/blob/QIOJ3Qa0MqU3TPl3g5zhQ3q0RUrhcC_HjNnicW5uT6uY"
      },
      "package.json": {
        "type": "file",
        "link": "/npm/package/client-data/files/99.0.1/package.json",
        "raw_link": "https://socketusercontent.com/blob/QRX2HDyL4xJEPqiL_ixm37EwibhmpeUpB2D1N1dGx4XM"
      },
      "template-package-json.txt": {
        "type": "file",
        "link": "/npm/package/client-data/files/99.0.1/template-package-json.txt",
        "raw_link": "https://socketusercontent.com/blob/Qw5H7XLB2QRIPStzOTmGmowIKFbI3QGfUU7xqYNHb9HQ"
      }
    },
    "analysis_mode": "suspicious",
    "total_versions": 2
  },
  "package_url": "https://www.npmjs.com/package/client-data",
  "reprocessed": true,
  "original_issues": [
    "files_without_raw: 2/3"
  ]
}