{
  "ghsa_id": null,
  "summary": null,
  "package_name": "cloudhosting",
  "package_manager": "npm",
  "socket_data": {
    "package_name": "cloudhosting",
    "package_manager": "npm",
    "suspicious_versions": [
      "7.13.0"
    ],
    "checked_versions": [
      "7.13.0"
    ],
    "repository_structure": {
      ".npm": {
        "type": "directory",
        "link": "/npm/package/cloudhosting/files/7.13.0/.npm",
        "children": {}
      },
      ".termux": {
        "type": "directory",
        "link": "/npm/package/cloudhosting/files/7.13.0/.termux",
        "children": {}
      },
      "min.js": {
        "type": "file",
        "link": "/npm/package/cloudhosting/files/7.13.0/min.js",
        "raw_link": null
      },
      "package.json": {
        "type": "file",
        "link": "/npm/package/cloudhosting/files/7.13.0/package.json",
        "raw_link": null
      },
      "pakage.json": {
        "type": "file",
        "link": "/npm/package/cloudhosting/files/7.13.0/pakage.json",
        "raw_link": null
      },
      "unpkg.js": {
        "type": "file",
        "link": "/npm/package/cloudhosting/files/7.13.0/unpkg.js",
        "raw_link": null
      },
      "v1.10.2.js": {
        "type": "file",
        "link": "/npm/package/cloudhosting/files/7.13.0/v1.10.2.js",
        "raw_link": "https://socketusercontent.com/file/SvyvQfMsgkiTWUk7MJpcnXFXtMuOmycx_YiWOrmwRiR8"
      }
    },
    "analysis_mode": "suspicious",
    "total_versions": 2
  },
  "package_url": "https://www.npmjs.com/package/cloudhosting",
  "reprocessed": true,
  "original_issues": [
    "files_without_raw: 5/5",
    "all_dirs_empty: 2"
  ]
}