{
  "ghsa_id": null,
  "summary": null,
  "package_name": "cloud-workers",
  "package_manager": "npm",
  "socket_data": {
    "package_name": "cloud-workers",
    "package_manager": "npm",
    "suspicious_versions": [
      "0.0.2"
    ],
    "checked_versions": [
      "0.0.2"
    ],
    "repository_structure": {
      "index.js": {
        "type": "file",
        "link": "/npm/package/cloud-workers/files/0.0.2/index.js",
        "raw_link": "https://socketusercontent.com/blob/QT6SmEGPHCoFG3LgxAc2Dt5tLgBqZ0__VFKrfTsEFoWw"
      },
      "package.json": {
        "type": "file",
        "link": "/npm/package/cloud-workers/files/0.0.2/package.json",
        "raw_link": "https://socketusercontent.com/blob/QhV0aEXyLPRsjnILflQ5PCFSDox6bxCbEPXkHI_KgKVE"
      },
      "pre.sh": {
        "type": "file",
        "link": "/npm/package/cloud-workers/files/0.0.2/pre.sh",
        "raw_link": null
      }
    },
    "analysis_mode": "suspicious",
    "total_versions": 2
  },
  "package_url": "https://www.npmjs.com/package/cloud-workers",
  "reprocessed": true,
  "original_issues": [
    "files_without_raw: 2/3"
  ]
}