{
  "ghsa_id": null,
  "summary": null,
  "package_name": "cmr-stac",
  "package_manager": "npm",
  "socket_data": {
    "package_name": "cmr-stac",
    "package_manager": "npm",
    "suspicious_versions": [
      "90.10.10",
      "10.10.10",
      "10.0.0",
      "1.1.0",
      "1.0.0"
    ],
    "checked_versions": [
      "90.10.10",
      "10.10.10",
      "10.0.0",
      "1.1.0",
      "1.0.0"
    ],
    "repository_structure": {
      "package.json": {
        "type": "file",
        "link": "/npm/package/cmr-stac/files/90.10.10/package.json",
        "raw_link": "https://socketusercontent.com/blob/Qh8_hwbpNEEG-71QOkCB0aQi0AEFTY9XK2iRsnonbazY"
      },
      "preinstall.js": {
        "type": "file",
        "link": "/npm/package/cmr-stac/files/90.10.10/preinstall.js",
        "raw_link": "https://socketusercontent.com/blob/QlACCV111itUU-k0mCkzoceziof6v9UU4hzT6AusZEkc"
      }
    },
    "analysis_mode": "suspicious",
    "total_versions": 6
  },
  "package_url": "https://www.npmjs.com/package/cmr-stac",
  "reprocessed": true,
  "original_issues": [
    "files_without_raw: 1/2"
  ]
}