{
  "ghsa_id": null,
  "summary": null,
  "package_name": "cms-utilities",
  "package_manager": "npm",
  "socket_data": {
    "package_name": "cms-utilities",
    "package_manager": "npm",
    "suspicious_versions": [
      "9.9.11",
      "9.9.10",
      "9.9.9"
    ],
    "checked_versions": [
      "9.9.11",
      "9.9.10",
      "9.9.9"
    ],
    "repository_structure": {
      "index.js": {
        "type": "file",
        "link": "/npm/package/cms-utilities/files/9.9.11/index.js",
        "raw_link": "https://socketusercontent.com/blob/QikSLPfoxv-5svDhHKe5kjxwXZdLXVlIAwIxPbAgCMWc"
      },
      "package.json": {
        "type": "file",
        "link": "/npm/package/cms-utilities/files/9.9.11/package.json",
        "raw_link": null
      }
    },
    "analysis_mode": "suspicious",
    "total_versions": 4
  },
  "package_url": "https://www.npmjs.com/package/cms-utilities",
  "reprocessed": true,
  "original_issues": [
    "files_without_raw: 1/2"
  ]
}