{
  "ghsa_id": "GHSA-5vx6-9jmh-hhgg",
  "summary": "Malware in cms-ti-components",
  "package_name": "cms-ti-components",
  "package_manager": "npm",
  "socket_data": {
    "package_name": "cms-ti-components",
    "package_manager": "npm",
    "suspicious_versions": [
      "9.9.11",
      "9.9.10",
      "9.9.9"
    ],
    "checked_versions": [
      "9.9.11",
      "9.9.10",
      "9.9.9"
    ],
    "repository_structure": {
      "index.js": {
        "type": "file",
        "link": "/npm/package/cms-ti-components/files/9.9.11/index.js",
        "raw_link": "https://socketusercontent.com/blob/QikSLPfoxv-5svDhHKe5kjxwXZdLXVlIAwIxPbAgCMWc"
      },
      "package.json": {
        "type": "file",
        "link": "/npm/package/cms-ti-components/files/9.9.11/package.json",
        "raw_link": "https://socketusercontent.com/blob/QVAX8IuofamVqKJI9ENi_rnZVp0QMfatSMSIZOWz2scE"
      }
    },
    "analysis_mode": "suspicious",
    "total_versions": 4
  },
  "package_url": "https://www.npmjs.com/package/cms-ti-components"
}