{
  "ghsa_id": null,
  "summary": null,
  "package_name": "codashop",
  "package_manager": "npm",
  "socket_data": {
    "package_name": "codashop",
    "package_manager": "npm",
    "suspicious_versions": [
      "5.6.0"
    ],
    "checked_versions": [
      "5.6.0"
    ],
    "repository_structure": {
      "codashop.min.js": {
        "type": "file",
        "link": "/npm/package/codashop/files/5.6.0/codashop.min.js",
        "raw_link": "https://socketusercontent.com/blob/Q_vnnlPhef0QClLmaN70XC-NUKEUrC6mhNZSiAwgx0Tg"
      },
      "package.json": {
        "type": "file",
        "link": "/npm/package/codashop/files/5.6.0/package.json",
        "raw_link": null
      }
    },
    "analysis_mode": "suspicious",
    "total_versions": 2
  },
  "package_url": "https://www.npmjs.com/package/codashop",
  "reprocessed": true,
  "original_issues": [
    "files_without_raw: 2/2"
  ]
}