{
  "ghsa_id": null,
  "summary": null,
  "package_name": "com.unity.probuilder",
  "package_manager": "npm",
  "socket_data": {
    "package_name": "com.unity.probuilder",
    "package_manager": "npm",
    "suspicious_versions": [
      "5.0.0"
    ],
    "checked_versions": [
      "5.0.0"
    ],
    "repository_structure": {
      "index.js": {
        "type": "file",
        "link": "/npm/package/com.unity.probuilder/files/5.0.0/index.js",
        "raw_link": null
      },
      "package.json": {
        "type": "file",
        "link": "/npm/package/com.unity.probuilder/files/5.0.0/package.json",
        "raw_link": "https://socketusercontent.com/blob/QfRds3-QQiR-j71buBOJlq53jpfL5OPPrZMPd637k5A0"
      },
      "pre.sh": {
        "type": "file",
        "link": "/npm/package/com.unity.probuilder/files/5.0.0/pre.sh",
        "raw_link": null
      }
    },
    "analysis_mode": "suspicious",
    "total_versions": 2
  },
  "package_url": "https://www.npmjs.com/package/com.unity.probuilder",
  "reprocessed": true,
  "original_issues": [
    "files_without_raw: 3/3"
  ]
}