{
  "ghsa_id": "GHSA-fw4p-x96q-r8jp",
  "summary": "Malware in com.unity.burst",
  "package_name": "com.unity.burst",
  "package_manager": "npm",
  "socket_data": {
    "package_name": "com.unity.burst",
    "package_manager": "npm",
    "suspicious_versions": [
      "2.0.0"
    ],
    "checked_versions": [
      "2.0.0"
    ],
    "repository_structure": {
      "index.js": {
        "type": "file",
        "link": "/npm/package/com.unity.burst/files/2.0.0/index.js",
        "raw_link": "https://socketusercontent.com/blob/Qep-N2YDV5oV7r58hmfnMHDWOlt9wxrqdvJ4pHYwzHic"
      },
      "package.json": {
        "type": "file",
        "link": "/npm/package/com.unity.burst/files/2.0.0/package.json",
        "raw_link": "https://socketusercontent.com/blob/QI3mUhywjymcltyD6yXcAqCriRZ33E0R-izV9jypC0FE"
      }
    },
    "analysis_mode": "suspicious",
    "total_versions": 2
  },
  "package_url": "https://www.npmjs.com/package/com.unity.burst"
}