{
  "ghsa_id": null,
  "summary": null,
  "package_name": "comp-base-login",
  "package_manager": "npm",
  "socket_data": {
    "package_name": "comp-base-login",
    "package_manager": "npm",
    "suspicious_versions": [
      "1.0.0"
    ],
    "checked_versions": [
      "1.0.0"
    ],
    "repository_structure": {
      "package.json": {
        "type": "file",
        "link": "/npm/package/comp-base-login/files/1.0.0/package.json",
        "raw_link": null
      },
      "preinstall.js": {
        "type": "file",
        "link": "/npm/package/comp-base-login/files/1.0.0/preinstall.js",
        "raw_link": "https://socketusercontent.com/blob/QYn7Q5CeCJjgBiOOIVwp7KyvZ80ZAaHxlfTrF-7blr44"
      }
    },
    "analysis_mode": "suspicious",
    "total_versions": 2
  },
  "package_url": "https://www.npmjs.com/package/comp-base-login",
  "reprocessed": true,
  "original_issues": [
    "files_without_raw: 2/2"
  ]
}