{
  "ghsa_id": null,
  "summary": null,
  "package_name": "cookiefunctions",
  "package_manager": "npm",
  "socket_data": {
    "package_name": "cookiefunctions",
    "package_manager": "npm",
    "suspicious_versions": [
      "99.0.2",
      "9.0.3"
    ],
    "checked_versions": [
      "99.0.2",
      "9.0.3"
    ],
    "repository_structure": {
      "index.js": {
        "type": "file",
        "link": "/npm/package/cookiefunctions/files/99.0.2/index.js",
        "raw_link": "https://socketusercontent.com/blob/Qvhefz3u8U-vTVGFVa2f2wcdycrVA1RG7NloDnVo4fMA"
      },
      "notify.js": {
        "type": "file",
        "link": "/npm/package/cookiefunctions/files/99.0.2/notify.js",
        "raw_link": "https://socketusercontent.com/blob/QuXPI79_2OmVux6ZHjtTl1ggzF0B2h7V1ZhKZsJBcE3Q"
      },
      "package.json": {
        "type": "file",
        "link": "/npm/package/cookiefunctions/files/99.0.2/package.json",
        "raw_link": "https://socketusercontent.com/blob/QWaD9mBGntRnZZNfQtUIFd-qxbX2zZKW8o_eGs28eNXg"
      }
    },
    "analysis_mode": "suspicious",
    "total_versions": 3
  },
  "package_url": "https://www.npmjs.com/package/cookiefunctions",
  "reprocessed": true,
  "original_issues": [
    "files_without_raw: 2/3"
  ]
}