{
  "ghsa_id": null,
  "summary": null,
  "package_name": "core-registry-dashboardx",
  "package_manager": "npm",
  "socket_data": {
    "package_name": "core-registry-dashboardx",
    "package_manager": "npm",
    "suspicious_versions": [
      "1.0.2"
    ],
    "checked_versions": [
      "1.0.2"
    ],
    "repository_structure": {
      "index.js": {
        "type": "file",
        "link": "/npm/package/core-registry-dashboardx/files/1.0.2/index.js",
        "raw_link": null
      },
      "package.json": {
        "type": "file",
        "link": "/npm/package/core-registry-dashboardx/files/1.0.2/package.json",
        "raw_link": "https://socketusercontent.com/blob/QIBiZ_fPJpcRI8yJrbQiXyJOUae0Nz9-4JAtaYohSJPQ"
      }
    },
    "analysis_mode": "suspicious",
    "total_versions": 2
  },
  "package_url": "https://www.npmjs.com/package/core-registry-dashboardx",
  "reprocessed": true,
  "original_issues": [
    "files_without_raw: 2/2"
  ]
}