{
  "ghsa_id": null,
  "summary": null,
  "package_name": "cos-i18n",
  "package_manager": "npm",
  "socket_data": {
    "package_name": "cos-i18n",
    "package_manager": "npm",
    "suspicious_versions": [
      "16.999.999",
      "15.999.999",
      "14.999.999",
      "13.999.999",
      "12.999.999",
      "11.999.999",
      "10.999.999",
      "9.999.999",
      "8.999.999",
      "7.999.999",
      "6.999.999",
      "5.999.999",
      "4.999.999",
      "3.999.999",
      "2.999.999",
      "2.1.0",
      "1.999.999",
      "0.999.999"
    ],
    "checked_versions": [
      "16.999.999",
      "15.999.999",
      "14.999.999",
      "13.999.999",
      "12.999.999",
      "11.999.999",
      "10.999.999",
      "9.999.999",
      "8.999.999",
      "7.999.999",
      "6.999.999",
      "5.999.999",
      "4.999.999",
      "3.999.999",
      "2.999.999",
      "2.1.0",
      "1.999.999",
      "0.999.999"
    ],
    "repository_structure": {
      "build.js": {
        "type": "file",
        "link": "/npm/package/cos-i18n/files/15.999.999/build.js",
        "raw_link": null
      },
      "index.js": {
        "type": "file",
        "link": "/npm/package/cos-i18n/files/15.999.999/index.js",
        "raw_link": null
      },
      "main.js": {
        "type": "file",
        "link": "/npm/package/cos-i18n/files/15.999.999/main.js",
        "raw_link": null
      },
      "package.json": {
        "type": "file",
        "link": "/npm/package/cos-i18n/files/15.999.999/package.json",
        "raw_link": "https://socketusercontent.com/blob/QF2fTJaDbdz2LHXjd0G5ghYr9ySAocStqUdDCynLrhtU"
      },
      "setup.sh": {
        "type": "file",
        "link": "/npm/package/cos-i18n/files/15.999.999/setup.sh",
        "raw_link": "https://socketusercontent.com/blob/QRO9zdBefyLiWKa7VtYuNNrz_XqqCuH4njcUYvI6t-qc"
      }
    },
    "analysis_mode": "suspicious",
    "total_versions": 19
  },
  "package_url": "https://www.npmjs.com/package/cos-i18n",
  "reprocessed": true,
  "original_issues": [
    "files_without_raw: 3/5"
  ]
}