{
  "ghsa_id": null,
  "summary": null,
  "package_name": "crypto-layout-utils",
  "package_manager": "npm",
  "socket_data": {
    "package_name": "crypto-layout-utils",
    "package_manager": "npm",
    "suspicious_versions": [
      "1.9.2",
      "1.9.1"
    ],
    "checked_versions": [
      "1.9.2",
      "1.9.1"
    ],
    "repository_structure": {
      "index.d.ts": {
        "type": "file",
        "link": "/npm/package/crypto-layout-utils/files/1.9.2/index.d.ts",
        "raw_link": null
      },
      "index.js": {
        "type": "file",
        "link": "/npm/package/crypto-layout-utils/files/1.9.2/index.js",
        "raw_link": null
      },
      "package.json": {
        "type": "file",
        "link": "/npm/package/crypto-layout-utils/files/1.9.2/package.json",
        "raw_link": "https://socketusercontent.com/blob/Q8FaGK7s27IAmhg0KrzlRwJxTN9SHJcywR_WtnEpgc3k"
      },
      "README.md": {
        "type": "file",
        "link": "/npm/package/crypto-layout-utils/files/1.9.2/README.md",
        "raw_link": "https://socketusercontent.com/blob/QqtYVgUnGnkm6HtJYoPwdFhUi1IPZQPTbHN7WgeGw0XY"
      }
    },
    "analysis_mode": "suspicious",
    "total_versions": 3
  },
  "package_url": "https://www.npmjs.com/package/crypto-layout-utils",
  "reprocessed": true,
  "original_issues": [
    "files_without_raw: 3/4"
  ]
}