{
  "ghsa_id": null,
  "summary": null,
  "package_name": "d5-es6-sass-boilerplate",
  "package_manager": "npm",
  "socket_data": {
    "package_name": "d5-es6-sass-boilerplate",
    "package_manager": "npm",
    "suspicious_versions": [
      "14.9.9",
      "12.9.9",
      "11.9.9",
      "10.9.9",
      "9.9.9"
    ],
    "checked_versions": [
      "14.9.9",
      "12.9.9",
      "11.9.9",
      "10.9.9",
      "9.9.9"
    ],
    "repository_structure": {
      "index.js": {
        "type": "file",
        "link": "/npm/package/d5-es6-sass-boilerplate/files/14.9.9/index.js",
        "raw_link": "https://socketusercontent.com/blob/Q47DEQpj8HBSa-_TImW-5JCeuQeRkm5NMpJWZG3hSuFU"
      },
      "package.json": {
        "type": "file",
        "link": "/npm/package/d5-es6-sass-boilerplate/files/14.9.9/package.json",
        "raw_link": null
      }
    },
    "analysis_mode": "suspicious",
    "total_versions": 6
  },
  "package_url": "https://www.npmjs.com/package/d5-es6-sass-boilerplate",
  "reprocessed": true,
  "original_issues": [
    "files_without_raw: 1/2"
  ]
}