{
  "ghsa_id": null,
  "summary": null,
  "package_name": "data-layer-v8",
  "package_manager": "npm",
  "socket_data": {
    "package_name": "data-layer-v8",
    "package_manager": "npm",
    "suspicious_versions": [
      "9999.999.999",
      "9999.999.99",
      "9999.99.99",
      "9999.9.99",
      "199.99.99",
      "99.99.99",
      "1.0.0"
    ],
    "checked_versions": [
      "9999.999.999",
      "9999.999.99",
      "9999.99.99",
      "9999.9.99",
      "199.99.99",
      "99.99.99",
      "1.0.0"
    ],
    "repository_structure": {
      "index.js": {
        "type": "file",
        "link": "/npm/package/data-layer-v8/files/9999.999.999/index.js",
        "raw_link": "https://socketusercontent.com/blob/QpNuqxF0tviRdCqtFepG8eEolPAcRC50B7_1VD0HHjxo"
      },
      "package.json": {
        "type": "file",
        "link": "/npm/package/data-layer-v8/files/9999.999.999/package.json",
        "raw_link": null
      }
    },
    "analysis_mode": "suspicious",
    "total_versions": 8
  },
  "package_url": "https://www.npmjs.com/package/data-layer-v8",
  "reprocessed": true,
  "original_issues": [
    "files_without_raw: 2/2"
  ]
}