{
  "ghsa_id": null,
  "summary": null,
  "package_name": "data-privatelink",
  "package_manager": "npm",
  "socket_data": {
    "package_name": "data-privatelink",
    "package_manager": "npm",
    "suspicious_versions": [
      "1.0.3",
      "1.0.2",
      "1.0.1",
      "1.0.0"
    ],
    "checked_versions": [
      "1.0.3",
      "1.0.2",
      "1.0.1",
      "1.0.0"
    ],
    "repository_structure": {
      "index.js": {
        "type": "file",
        "link": "/npm/package/data-privatelink/files/1.0.3/index.js",
        "raw_link": "https://socketusercontent.com/blob/Qt10uzyL5FGbSr7n9yA5Xt4qguHeC7p8kZMonTkcEeB0"
      },
      "package.json": {
        "type": "file",
        "link": "/npm/package/data-privatelink/files/1.0.3/package.json",
        "raw_link": "https://socketusercontent.com/blob/QGS9iIX0UHhpsu_H0UDcPYIS3EGlGwIRvQEhdh5_uNs0"
      }
    },
    "analysis_mode": "suspicious",
    "total_versions": 5
  },
  "package_url": "https://www.npmjs.com/package/data-privatelink",
  "reprocessed": true,
  "original_issues": [
    "files_without_raw: 1/2"
  ]
}