{
  "ghsa_id": null,
  "summary": null,
  "package_name": "data-formatter-pro",
  "package_manager": "npm",
  "socket_data": {
    "package_name": "data-formatter-pro",
    "package_manager": "npm",
    "suspicious_versions": [
      "1.0.0"
    ],
    "checked_versions": [
      "1.0.0"
    ],
    "repository_structure": {
      ".github": {
        "type": "directory",
        "link": "/npm/package/data-formatter-pro/files/1.0.0/.github",
        "children": {}
      },
      "docs": {
        "type": "directory",
        "link": "/npm/package/data-formatter-pro/files/1.0.0/docs",
        "children": {}
      },
      "examples": {
        "type": "directory",
        "link": "/npm/package/data-formatter-pro/files/1.0.0/examples",
        "children": {}
      },
      "lib": {
        "type": "directory",
        "link": "/npm/package/data-formatter-pro/files/1.0.0/lib",
        "children": {}
      },
      "test": {
        "type": "directory",
        "link": "/npm/package/data-formatter-pro/files/1.0.0/test",
        "children": {}
      },
      ".eslintrc.js": {
        "type": "file",
        "link": "/npm/package/data-formatter-pro/files/1.0.0/.eslintrc.js",
        "raw_link": "https://socketusercontent.com/blob/QUYrZ1DXpQVLmQV5ySZLFZWSxRkgHpHTvO1v4Q_zleEg"
      },
      ".prettierrc": {
        "type": "file",
        "link": "/npm/package/data-formatter-pro/files/1.0.0/.prettierrc",
        "raw_link": null
      },
      "CHANGELOG.md": {
        "type": "file",
        "link": "/npm/package/data-formatter-pro/files/1.0.0/CHANGELOG.md",
        "raw_link": "https://socketusercontent.com/blob/Q47DEQpj8HBSa-_TImW-5JCeuQeRkm5NMpJWZG3hSuFU"
      },
      "LICENSE": {
        "type": "file",
        "link": "/npm/package/data-formatter-pro/files/1.0.0/LICENSE",
        "raw_link": "https://socketusercontent.com/blob/Q47DEQpj8HBSa-_TImW-5JCeuQeRkm5NMpJWZG3hSuFU"
      },
      "package.json": {
        "type": "file",
        "link": "/npm/package/data-formatter-pro/files/1.0.0/package.json",
        "raw_link": null
      }
    },
    "analysis_mode": "suspicious",
    "total_versions": 2
  },
  "package_url": "https://www.npmjs.com/package/data-formatter-pro",
  "reprocessed": true,
  "original_issues": [
    "files_without_raw: 3/5",
    "all_dirs_empty: 5"
  ]
}