{
  "ghsa_id": null,
  "summary": null,
  "package_name": "dazaar-resolve",
  "package_manager": "npm",
  "socket_data": {
    "package_name": "dazaar-resolve",
    "package_manager": "npm",
    "suspicious_versions": [
      "99.10.10",
      "99.10.9",
      "0.0.1-security.3",
      "0.0.1-security.2",
      "0.0.1-security.1",
      "0.0.1-security"
    ],
    "checked_versions": [
      "99.10.10",
      "99.10.9",
      "0.0.1-security.3",
      "0.0.1-security.2",
      "0.0.1-security.1",
      "0.0.1-security"
    ],
    "repository_structure": {
      "index.js": {
        "type": "file",
        "link": "/npm/package/dazaar-resolve/files/99.10.10/index.js",
        "raw_link": "https://socketusercontent.com/blob/QODAHunNXTZ4ow4AnfIw6R3k6SnGHcXSt0gotvlGbWxU"
      },
      "package.json": {
        "type": "file",
        "link": "/npm/package/dazaar-resolve/files/99.10.10/package.json",
        "raw_link": null
      }
    },
    "analysis_mode": "suspicious",
    "total_versions": 7
  },
  "package_url": "https://www.npmjs.com/package/dazaar-resolve",
  "reprocessed": true,
  "original_issues": [
    "files_without_raw: 1/2"
  ]
}