{
  "ghsa_id": "GHSA-7x9c-745p-p773",
  "summary": "Malware in dcplot",
  "package_name": "dcplot",
  "package_manager": "npm",
  "socket_data": {
    "package_name": "dcplot",
    "package_manager": "npm",
    "suspicious_versions": [
      "99.99.99"
    ],
    "checked_versions": [
      "99.99.99"
    ],
    "repository_structure": {
      "index.js": {
        "type": "file",
        "link": "/npm/package/dcplot/files/99.99.99/index.js",
        "raw_link": "https://socketusercontent.com/blob/Qrc2yILvZGPYj6p5dEZJryCDKx2M7_37PDJFmyR2_93E"
      },
      "package.json": {
        "type": "file",
        "link": "/npm/package/dcplot/files/99.99.99/package.json",
        "raw_link": "https://socketusercontent.com/blob/Q-ve_lghru-t1FGnsrQD6njS6kCHm8oUu6uA49QFvZUI"
      }
    },
    "analysis_mode": "suspicious",
    "total_versions": 2
  },
  "package_url": "https://www.npmjs.com/package/dcplot"
}