{
  "ghsa_id": null,
  "summary": null,
  "package_name": "dd-sdk-reactnative-example",
  "package_manager": "npm",
  "socket_data": {
    "package_name": "dd-sdk-reactnative-example",
    "package_manager": "npm",
    "suspicious_versions": [
      "99.9.9"
    ],
    "checked_versions": [
      "99.9.9"
    ],
    "repository_structure": {
      "index.js": {
        "type": "file",
        "link": "/npm/package/dd-sdk-reactnative-example/files/99.9.9/index.js",
        "raw_link": null
      },
      "package.json": {
        "type": "file",
        "link": "/npm/package/dd-sdk-reactnative-example/files/99.9.9/package.json",
        "raw_link": "https://socketusercontent.com/blob/QkIzuvHe5s2qK5odWvZLtE09Z7uGoAYAm0wHhoVb83C4"
      }
    },
    "analysis_mode": "suspicious",
    "total_versions": 2
  },
  "package_url": "https://www.npmjs.com/package/dd-sdk-reactnative-example",
  "reprocessed": true,
  "original_issues": [
    "files_without_raw: 1/2"
  ]
}