{
  "ghsa_id": "GHSA-q858-j4v2-2xmv",
  "summary": "Malware in debug11",
  "package_name": "debug11",
  "package_manager": "npm",
  "socket_data": {
    "package_name": "debug11",
    "package_manager": "npm",
    "suspicious_versions": [
      "1.0.0"
    ],
    "checked_versions": [
      "1.0.0"
    ],
    "repository_structure": {
      "index.js": {
        "type": "file",
        "link": "/npm/package/debug11/files/1.0.0/index.js",
        "raw_link": "https://socketusercontent.com/blob/QYFzHDV8yhwmD9iIMJKJNwrbg99nY7v4XOVZETDKhtww"
      },
      "package.json": {
        "type": "file",
        "link": "/npm/package/debug11/files/1.0.0/package.json",
        "raw_link": "https://socketusercontent.com/blob/QyNWHdFJGSIavUMB__xL3q_KqkW-HGS-kKZxctTp9fzY"
      }
    },
    "analysis_mode": "suspicious",
    "total_versions": 2
  },
  "package_url": "https://www.npmjs.com/package/debug11"
}