{
  "ghsa_id": "GHSA-jg75-c8v2-f7jv",
  "summary": "Malware in deepcoin-internal",
  "package_name": "deepcoin-internal",
  "package_manager": "npm",
  "socket_data": {
    "package_name": "deepcoin-internal",
    "package_manager": "npm",
    "suspicious_versions": [
      "19.4.9"
    ],
    "checked_versions": [
      "19.4.9"
    ],
    "repository_structure": {
      "index.js": {
        "type": "file",
        "link": "/npm/package/deepcoin-internal/files/19.4.9/index.js",
        "raw_link": "https://socketusercontent.com/blob/Q47DEQpj8HBSa-_TImW-5JCeuQeRkm5NMpJWZG3hSuFU"
      },
      "package.json": {
        "type": "file",
        "link": "/npm/package/deepcoin-internal/files/19.4.9/package.json",
        "raw_link": "https://socketusercontent.com/blob/QMh1fz0eoOoh7FqTO2hc17cXauhdXVaEc0r7AWGfmWPc"
      }
    },
    "analysis_mode": "suspicious",
    "total_versions": 2
  },
  "package_url": "https://www.npmjs.com/package/deepcoin-internal"
}