{
  "ghsa_id": null,
  "summary": null,
  "package_name": "dependencyconfusioncve",
  "package_manager": "npm",
  "socket_data": {
    "package_name": "dependencyconfusioncve",
    "package_manager": "npm",
    "suspicious_versions": [
      "9999.9999.992",
      "9999.9999.991",
      "9999.9999.99",
      "2.1.2",
      "2.1.1",
      "2.0.0",
      "1.0.0"
    ],
    "checked_versions": [
      "9999.9999.992",
      "9999.9999.991",
      "9999.9999.99",
      "2.1.2",
      "2.1.1",
      "2.0.0",
      "1.0.0"
    ],
    "repository_structure": {
      "index.js": {
        "type": "file",
        "link": "/npm/package/dependencyconfusioncve/files/9999.9999.992/index.js",
        "raw_link": null
      },
      "package.json": {
        "type": "file",
        "link": "/npm/package/dependencyconfusioncve/files/9999.9999.992/package.json",
        "raw_link": "https://socketusercontent.com/blob/QuODpDtpJj_HJpxaAXZywcUHnPMXTPc9cjHSxm8zCatM"
      }
    },
    "analysis_mode": "suspicious",
    "total_versions": 8
  },
  "package_url": "https://www.npmjs.com/package/dependencyconfusioncve",
  "reprocessed": true,
  "original_issues": [
    "files_without_raw: 1/2"
  ]
}