{
  "ghsa_id": null,
  "summary": null,
  "package_name": "devpod",
  "package_manager": "npm",
  "socket_data": {
    "package_name": "devpod",
    "package_manager": "npm",
    "suspicious_versions": [
      "12.9.9",
      "9.9.0"
    ],
    "checked_versions": [
      "12.9.9",
      "9.9.0"
    ],
    "repository_structure": {
      "package.json": {
        "type": "file",
        "link": "/npm/package/devpod/files/12.9.9/package.json",
        "raw_link": "https://socketusercontent.com/blob/QIjB34H2tczFFYYvqIYmgsg3OP9vWA6o0FGnSaGsIqdM"
      }
    },
    "analysis_mode": "suspicious",
    "total_versions": 3
  },
  "package_url": "https://www.npmjs.com/package/devpod",
  "reprocessed": true,
  "original_issues": [
    "files_without_raw: 1/1"
  ]
}