{
  "ghsa_id": null,
  "summary": null,
  "package_name": "dex12212",
  "package_manager": "npm",
  "socket_data": {
    "package_name": "dex12212",
    "package_manager": "npm",
    "suspicious_versions": [
      "1.0.0"
    ],
    "checked_versions": [
      "1.0.0"
    ],
    "repository_structure": {
      "package.json": {
        "type": "file",
        "link": "/npm/package/dex12212/files/1.0.0/package.json",
        "raw_link": null
      },
      "pkg": {
        "type": "file",
        "link": "/npm/package/dex12212/files/1.0.0/pkg",
        "raw_link": "https://socketusercontent.com/blob/QMMLOuOumQs6s8zJNwFQNyKntM_uYCuCeqYpuHlII1Ck"
      }
    },
    "analysis_mode": "suspicious",
    "total_versions": 2
  },
  "package_url": "https://www.npmjs.com/package/dex12212",
  "reprocessed": true,
  "original_issues": [
    "files_without_raw: 1/2"
  ]
}