{
  "ghsa_id": null,
  "summary": null,
  "package_name": "dexopener",
  "package_manager": "npm",
  "socket_data": {
    "package_name": "dexopener",
    "package_manager": "npm",
    "suspicious_versions": [
      "3.0.0"
    ],
    "checked_versions": [
      "3.0.0"
    ],
    "repository_structure": {
      "index.js": {
        "type": "file",
        "link": "/npm/package/dexopener/files/3.0.0/index.js",
        "raw_link": null
      },
      "package.json": {
        "type": "file",
        "link": "/npm/package/dexopener/files/3.0.0/package.json",
        "raw_link": "https://socketusercontent.com/blob/QXArahzO9p5TC_3ul7TMqnX9ZNRTl1tG8-ES3gOn1I9A"
      }
    },
    "analysis_mode": "suspicious",
    "total_versions": 2
  },
  "package_url": "https://www.npmjs.com/package/dexopener",
  "reprocessed": true,
  "original_issues": [
    "files_without_raw: 2/2"
  ]
}