{
  "ghsa_id": null,
  "summary": null,
  "package_name": "digital-experience",
  "package_manager": "npm",
  "socket_data": {
    "package_name": "digital-experience",
    "package_manager": "npm",
    "suspicious_versions": [
      "89.9.9"
    ],
    "checked_versions": [
      "89.9.9"
    ],
    "repository_structure": {
      "index.js": {
        "type": "file",
        "link": "/npm/package/digital-experience/files/89.9.9/index.js",
        "raw_link": null
      },
      "package.json": {
        "type": "file",
        "link": "/npm/package/digital-experience/files/89.9.9/package.json",
        "raw_link": "https://socketusercontent.com/blob/QFBynPO17IRxEMG0DRZu-Fpb0oow9w0NX80QsJHDO_iI"
      }
    },
    "analysis_mode": "suspicious",
    "total_versions": 2
  },
  "package_url": "https://www.npmjs.com/package/digital-experience",
  "reprocessed": true,
  "original_issues": [
    "files_without_raw: 1/2"
  ]
}