{
  "ghsa_id": null,
  "summary": null,
  "package_name": "djs-checker",
  "package_manager": "npm",
  "socket_data": {
    "package_name": "djs-checker",
    "package_manager": "npm",
    "suspicious_versions": [
      "1.1.1",
      "1.1.0"
    ],
    "checked_versions": [
      "1.1.1",
      "1.1.0"
    ],
    "repository_structure": {
      "src": {
        "type": "directory",
        "link": "/npm/package/djs-checker/files/1.1.1/src",
        "children": {}
      },
      "package.json": {
        "type": "file",
        "link": "/npm/package/djs-checker/files/1.1.1/package.json",
        "raw_link": null
      }
    },
    "analysis_mode": "suspicious",
    "total_versions": 3
  },
  "package_url": "https://www.npmjs.com/package/djs-checker",
  "reprocessed": true,
  "original_issues": [
    "files_without_raw: 1/1",
    "all_dirs_empty: 1"
  ]
}