{
  "ghsa_id": null,
  "summary": null,
  "package_name": "dlscordjs",
  "package_manager": "npm",
  "socket_data": {
    "package_name": "dlscordjs",
    "package_manager": "npm",
    "suspicious_versions": [
      "1.2.0",
      "0.0.1-security.1",
      "0.0.1-security.0",
      "0.0.1-security"
    ],
    "checked_versions": [
      "1.2.0",
      "0.0.1-security.1",
      "0.0.1-security.0",
      "0.0.1-security"
    ],
    "repository_structure": {
      "HISTORY.md": {
        "type": "file",
        "link": "/npm/package/dlscordjs/files/1.2.0/HISTORY.md",
        "raw_link": null
      },
      "index.js": {
        "type": "file",
        "link": "/npm/package/dlscordjs/files/1.2.0/index.js",
        "raw_link": null
      },
      "LICENSE": {
        "type": "file",
        "link": "/npm/package/dlscordjs/files/1.2.0/LICENSE",
        "raw_link": "https://socketusercontent.com/blob/Q3LlP-bHgN6hHvCBYncgaEGbQQf1MFt6xiw-paMZs85U"
      },
      "package.json": {
        "type": "file",
        "link": "/npm/package/dlscordjs/files/1.2.0/package.json",
        "raw_link": null
      },
      "README.md": {
        "type": "file",
        "link": "/npm/package/dlscordjs/files/1.2.0/README.md",
        "raw_link": null
      }
    },
    "analysis_mode": "suspicious",
    "total_versions": 5
  },
  "package_url": "https://www.npmjs.com/package/dlscordjs",
  "reprocessed": true,
  "original_issues": [
    "files_without_raw: 1/2"
  ]
}