{
  "ghsa_id": null,
  "summary": null,
  "package_name": "do-wnload-available-2014-20032-happiness-is-happening-2iby6-rsrcqq",
  "package_manager": "npm",
  "socket_data": {
    "package_name": "do-wnload-available-2014-20032-happiness-is-happening-2iby6-rsrcqq",
    "package_manager": "npm",
    "suspicious_versions": [
      "3.2.9"
    ],
    "checked_versions": [
      "3.2.9"
    ],
    "repository_structure": {
      "package.json": {
        "type": "file",
        "link": "/npm/package/do-wnload-available-2014-20032-happiness-is-happening-2iby6-rsrcqq/files/3.2.9/package.json",
        "raw_link": null
      },
      "readme.md": {
        "type": "file",
        "link": "/npm/package/do-wnload-available-2014-20032-happiness-is-happening-2iby6-rsrcqq/files/3.2.9/readme.md",
        "raw_link": null
      }
    },
    "analysis_mode": "suspicious",
    "total_versions": 2
  },
  "package_url": "https://www.npmjs.com/package/do-wnload-available-2014-20032-happiness-is-happening-2iby6-rsrcqq",
  "reprocessed": true,
  "original_issues": [
    "files_without_raw: 1/2"
  ]
}