{
  "ghsa_id": null,
  "summary": null,
  "package_name": "do-wnload-available-5935-dear-9fef6-bjowel",
  "package_manager": "npm",
  "socket_data": {
    "package_name": "do-wnload-available-5935-dear-9fef6-bjowel",
    "package_manager": "npm",
    "suspicious_versions": [
      "3.2.6"
    ],
    "checked_versions": [
      "3.2.6"
    ],
    "repository_structure": {
      "package.json": {
        "type": "file",
        "link": "/npm/package/do-wnload-available-5935-dear-9fef6-bjowel/files/3.2.6/package.json",
        "raw_link": null
      },
      "readme.md": {
        "type": "file",
        "link": "/npm/package/do-wnload-available-5935-dear-9fef6-bjowel/files/3.2.6/readme.md",
        "raw_link": null
      }
    },
    "analysis_mode": "suspicious",
    "total_versions": 2
  },
  "package_url": "https://www.npmjs.com/package/do-wnload-available-5935-dear-9fef6-bjowel",
  "reprocessed": true,
  "original_issues": [
    "files_without_raw: 2/2"
  ]
}