{
  "ghsa_id": null,
  "summary": null,
  "package_name": "dof-ff",
  "package_manager": "npm",
  "socket_data": {
    "package_name": "dof-ff",
    "package_manager": "npm",
    "suspicious_versions": [
      "15.8.4"
    ],
    "checked_versions": [
      "15.8.4"
    ],
    "repository_structure": {
      "index.js": {
        "type": "file",
        "link": "/npm/package/dof-ff/files/15.8.4/index.js",
        "raw_link": null
      },
      "package.json": {
        "type": "file",
        "link": "/npm/package/dof-ff/files/15.8.4/package.json",
        "raw_link": null
      }
    },
    "analysis_mode": "suspicious",
    "total_versions": 2
  },
  "package_url": "https://www.npmjs.com/package/dof-ff",
  "reprocessed": true,
  "original_issues": [
    "files_without_raw: 2/2"
  ]
}