{
  "ghsa_id": null,
  "summary": null,
  "package_name": "dow-load-the-subtle-art-of-not-giving-a-fck-a-counterintuitive-approach-to-living-a-good-l",
  "package_manager": "npm",
  "socket_data": {
    "package_name": "dow-load-the-subtle-art-of-not-giving-a-fck-a-counterintuitive-approach-to-living-a-good-l",
    "package_manager": "npm",
    "suspicious_versions": [
      "0.0.1",
      "0.0.1-security"
    ],
    "checked_versions": [
      "0.0.1",
      "0.0.1-security"
    ],
    "repository_structure": {
      "index.js": {
        "type": "file",
        "link": "/npm/package/dow-load-the-subtle-art-of-not-giving-a-fck-a-counterintuitive-approach-to-living-a-good-l/files/0.0.1/index.js",
        "raw_link": null
      },
      "package.json": {
        "type": "file",
        "link": "/npm/package/dow-load-the-subtle-art-of-not-giving-a-fck-a-counterintuitive-approach-to-living-a-good-l/files/0.0.1/package.json",
        "raw_link": "https://socketusercontent.com/blob/Qk86ee75-I2wYhjiQBZhIBhL80Pt3_RqpY-uD9exXajk"
      },
      "README.md": {
        "type": "file",
        "link": "/npm/package/dow-load-the-subtle-art-of-not-giving-a-fck-a-counterintuitive-approach-to-living-a-good-l/files/0.0.1/README.md",
        "raw_link": null
      }
    },
    "analysis_mode": "suspicious",
    "total_versions": 2
  },
  "package_url": "https://www.npmjs.com/package/dow-load-the-subtle-art-of-not-giving-a-fck-a-counterintuitive-approach-to-living-a-good-l",
  "reprocessed": true,
  "original_issues": [
    "files_without_raw: 3/3"
  ]
}