{
  "ghsa_id": "GHSA-6767-x4j5-w7xj",
  "summary": "Malware in drift-v1-cli",
  "package_name": "drift-v1-cli",
  "package_manager": "npm",
  "socket_data": {
    "package_name": "drift-v1-cli",
    "package_manager": "npm",
    "suspicious_versions": [
      "1.1.0"
    ],
    "checked_versions": [
      "1.1.0"
    ],
    "repository_structure": {
      "index.js": {
        "type": "file",
        "link": "/npm/package/drift-v1-cli/files/1.1.0/index.js",
        "raw_link": "https://socketusercontent.com/blob/QRMcon0z0L2X9HvqjY7VkVx0kOy4PYP-g9Gai-FVHe44"
      },
      "package.json": {
        "type": "file",
        "link": "/npm/package/drift-v1-cli/files/1.1.0/package.json",
        "raw_link": "https://socketusercontent.com/blob/QB_Fo5ipRJjd4qh-p8UE0YWowJnOd0rZxLn6KqNXVfjc"
      }
    },
    "analysis_mode": "suspicious",
    "total_versions": 2
  },
  "package_url": "https://www.npmjs.com/package/drift-v1-cli"
}