{
  "ghsa_id": null,
  "summary": null,
  "package_name": "dynamic-target",
  "package_manager": "npm",
  "socket_data": {
    "package_name": "dynamic-target",
    "package_manager": "npm",
    "suspicious_versions": [
      "2.9.9"
    ],
    "checked_versions": [
      "2.9.9"
    ],
    "repository_structure": {
      "index.js": {
        "type": "file",
        "link": "/npm/package/dynamic-target/files/2.9.9/index.js",
        "raw_link": null
      },
      "package.json": {
        "type": "file",
        "link": "/npm/package/dynamic-target/files/2.9.9/package.json",
        "raw_link": "https://socketusercontent.com/blob/QGrag7VKfO4ySKmU1hknsPTfZ06bvzQL12mXToE9XtSQ"
      }
    },
    "analysis_mode": "suspicious",
    "total_versions": 2
  },
  "package_url": "https://www.npmjs.com/package/dynamic-target",
  "reprocessed": true,
  "original_issues": [
    "files_without_raw: 1/2"
  ]
}