{
  "ghsa_id": null,
  "summary": null,
  "package_name": "eagleshotelcaliforniamultitrackflac_top__k3",
  "package_manager": "npm",
  "socket_data": {
    "package_name": "eagleshotelcaliforniamultitrackflac_top__k3",
    "package_manager": "npm",
    "suspicious_versions": [
      "1.0.0",
      "0.0.1-security"
    ],
    "checked_versions": [
      "1.0.0",
      "0.0.1-security"
    ],
    "repository_structure": {
      "package.json": {
        "type": "file",
        "link": "/npm/package/eagleshotelcaliforniamultitrackflac_top__k3/files/1.0.0/package.json",
        "raw_link": null
      },
      "README.md": {
        "type": "file",
        "link": "/npm/package/eagleshotelcaliforniamultitrackflac_top__k3/files/1.0.0/README.md",
        "raw_link": null
      }
    },
    "analysis_mode": "suspicious",
    "total_versions": 2
  },
  "package_url": "https://www.npmjs.com/package/eagleshotelcaliforniamultitrackflac_top__k3",
  "reprocessed": true,
  "original_issues": [
    "files_without_raw: 2/2"
  ]
}