{
  "ghsa_id": null,
  "summary": null,
  "package_name": "ebay-gateway",
  "package_manager": "npm",
  "socket_data": {
    "package_name": "ebay-gateway",
    "package_manager": "npm",
    "suspicious_versions": [
      "999.9.9"
    ],
    "checked_versions": [
      "999.9.9"
    ],
    "repository_structure": {
      "index.js": {
        "type": "file",
        "link": "/npm/package/ebay-gateway/files/999.9.9/index.js",
        "raw_link": "https://socketusercontent.com/blob/QARXjxnynzEUpxnaXODgc-AvE9BwaEqgHIlRMSbZkJvg"
      },
      "package.json": {
        "type": "file",
        "link": "/npm/package/ebay-gateway/files/999.9.9/package.json",
        "raw_link": "https://socketusercontent.com/blob/Qsmi_eQkHXwPvI1Za1OuRaaOukPVklnqYBUlWGRqY8gs"
      }
    },
    "analysis_mode": "suspicious",
    "total_versions": 2
  },
  "package_url": "https://www.npmjs.com/package/ebay-gateway",
  "reprocessed": true,
  "original_issues": [
    "files_without_raw: 2/2"
  ]
}