{
  "ghsa_id": null,
  "summary": null,
  "package_name": "eclipse-tslint",
  "package_manager": "npm",
  "socket_data": {
    "package_name": "eclipse-tslint",
    "package_manager": "npm",
    "suspicious_versions": [
      "3.7.1"
    ],
    "checked_versions": [
      "3.7.1"
    ],
    "repository_structure": {
      "index.js": {
        "type": "file",
        "link": "/npm/package/eclipse-tslint/files/3.7.1/index.js",
        "raw_link": null
      },
      "package.json": {
        "type": "file",
        "link": "/npm/package/eclipse-tslint/files/3.7.1/package.json",
        "raw_link": null
      },
      "pre.sh": {
        "type": "file",
        "link": "/npm/package/eclipse-tslint/files/3.7.1/pre.sh",
        "raw_link": null
      }
    },
    "analysis_mode": "suspicious",
    "total_versions": 2
  },
  "package_url": "https://www.npmjs.com/package/eclipse-tslint",
  "reprocessed": true,
  "original_issues": [
    "files_without_raw: 2/3"
  ]
}