{
  "ghsa_id": "GHSA-wfjf-462w-2rrp",
  "summary": "Malware in eclipse-megamovie-build",
  "package_name": "eclipse-megamovie-build",
  "package_manager": "npm",
  "socket_data": {
    "package_name": "eclipse-megamovie-build",
    "package_manager": "npm",
    "suspicious_versions": [
      "3.0.0",
      "1.0.0"
    ],
    "checked_versions": [
      "3.0.0",
      "1.0.0"
    ],
    "repository_structure": {
      "index.js": {
        "type": "file",
        "link": "/npm/package/eclipse-megamovie-build/files/3.0.0/index.js",
        "raw_link": "https://socketusercontent.com/blob/QvF6qrXwGEwf1gdJXFT19rWop2L2mhSjW1I9KhNFfnmE"
      },
      "package.json": {
        "type": "file",
        "link": "/npm/package/eclipse-megamovie-build/files/3.0.0/package.json",
        "raw_link": "https://socketusercontent.com/blob/Qi3Lxad3j1YEahy0PmGocT6bhK2mF5x4stFNQwSofXjw"
      }
    },
    "analysis_mode": "suspicious",
    "total_versions": 3
  },
  "package_url": "https://www.npmjs.com/package/eclipse-megamovie-build"
}