{
  "ghsa_id": null,
  "summary": null,
  "package_name": "ecpfs-react-build-scripts",
  "package_manager": "npm",
  "socket_data": {
    "package_name": "ecpfs-react-build-scripts",
    "package_manager": "npm",
    "suspicious_versions": [
      "1.0.0-dev.80"
    ],
    "checked_versions": [
      "1.0.0-dev.80"
    ],
    "repository_structure": {
      "index.js": {
        "type": "file",
        "link": "/npm/package/ecpfs-react-build-scripts/files/1.0.0-dev.80/index.js",
        "raw_link": "https://socketusercontent.com/blob/QL7BrXj9oq5Yy6F3bvCkJwaS1hS6qOXGBc5CtQ78nFrw"
      },
      "package.json": {
        "type": "file",
        "link": "/npm/package/ecpfs-react-build-scripts/files/1.0.0-dev.80/package.json",
        "raw_link": "https://socketusercontent.com/blob/QEA87SNoXzmT8TOQboLY-lC7LZQDaQYQt6Uet5t-FYGs"
      }
    },
    "analysis_mode": "suspicious",
    "total_versions": 2
  },
  "package_url": "https://www.npmjs.com/package/ecpfs-react-build-scripts",
  "reprocessed": true,
  "original_issues": [
    "files_without_raw: 2/2"
  ]
}