{
  "ghsa_id": "GHSA-j27m-h8w3-66jx",
  "summary": "Malware in educational-depconf-poc",
  "package_name": "educational-depconf-poc",
  "package_manager": "npm",
  "socket_data": {
    "package_name": "educational-depconf-poc",
    "package_manager": "npm",
    "suspicious_versions": [
      "1.0.1",
      "1.0.0"
    ],
    "checked_versions": [
      "1.0.1",
      "1.0.0"
    ],
    "repository_structure": {
      "package.json": {
        "type": "file",
        "link": "/npm/package/educational-depconf-poc/files/1.0.1/package.json",
        "raw_link": "https://socketusercontent.com/blob/QV7BvgSd-ngA79I751EteQKEFIP3Xw2B3pXaVJDp8RHE"
      }
    },
    "analysis_mode": "suspicious",
    "total_versions": 3
  },
  "package_url": "https://www.npmjs.com/package/educational-depconf-poc"
}