{
  "ghsa_id": null,
  "summary": null,
  "package_name": "elitebots-prevnames",
  "package_manager": "npm",
  "socket_data": {
    "package_name": "elitebots-prevnames",
    "package_manager": "npm",
    "suspicious_versions": [
      "1.0.9",
      "1.0.8",
      "1.0.7",
      "1.0.6",
      "1.0.5",
      "1.0.4",
      "1.0.3",
      "1.0.2",
      "1.0.1"
    ],
    "checked_versions": [
      "1.0.9",
      "1.0.8",
      "1.0.7",
      "1.0.6",
      "1.0.5",
      "1.0.4",
      "1.0.3",
      "1.0.2",
      "1.0.1"
    ],
    "repository_structure": {
      "license.txt": {
        "type": "file",
        "link": "/npm/package/elitebots-prevnames/files/1.0.9/license.txt",
        "raw_link": null
      },
      "main.js": {
        "type": "file",
        "link": "/npm/package/elitebots-prevnames/files/1.0.9/main.js",
        "raw_link": null
      },
      "package.json": {
        "type": "file",
        "link": "/npm/package/elitebots-prevnames/files/1.0.9/package.json",
        "raw_link": null
      },
      "README.md": {
        "type": "file",
        "link": "/npm/package/elitebots-prevnames/files/1.0.9/README.md",
        "raw_link": null
      }
    },
    "analysis_mode": "suspicious",
    "total_versions": 10
  },
  "package_url": "https://www.npmjs.com/package/elitebots-prevnames",
  "reprocessed": true,
  "original_issues": [
    "files_without_raw: 3/4"
  ]
}