{
  "ghsa_id": null,
  "summary": null,
  "package_name": "elpititaso",
  "package_manager": "npm",
  "socket_data": {
    "package_name": "elpititaso",
    "package_manager": "npm",
    "suspicious_versions": [
      "9.9.10",
      "9.9.9"
    ],
    "checked_versions": [
      "9.9.10",
      "9.9.9"
    ],
    "repository_structure": {
      "extract.js": {
        "type": "file",
        "link": "/npm/package/elpititaso/files/9.9.10/extract.js",
        "raw_link": null
      },
      "package.json": {
        "type": "file",
        "link": "/npm/package/elpititaso/files/9.9.10/package.json",
        "raw_link": "https://socketusercontent.com/blob/QScW97uZaydZpMn0YHIRdaMD68k3t5oFCpZ5Yv4e9Zmc"
      },
      "README.md": {
        "type": "file",
        "link": "/npm/package/elpititaso/files/9.9.10/README.md",
        "raw_link": null
      }
    },
    "analysis_mode": "suspicious",
    "total_versions": 3
  },
  "package_url": "https://www.npmjs.com/package/elpititaso",
  "reprocessed": true,
  "original_issues": [
    "files_without_raw: 3/3"
  ]
}