{
  "ghsa_id": null,
  "summary": null,
  "package_name": "emon-testt",
  "package_manager": "npm",
  "socket_data": {
    "package_name": "emon-testt",
    "package_manager": "npm",
    "suspicious_versions": [
      "1.0.0"
    ],
    "checked_versions": [
      "1.0.0"
    ],
    "repository_structure": {
      "index.js": {
        "type": "file",
        "link": "/npm/package/emon-testt/files/1.0.0/index.js",
        "raw_link": null
      },
      "package.json": {
        "type": "file",
        "link": "/npm/package/emon-testt/files/1.0.0/package.json",
        "raw_link": "https://socketusercontent.com/blob/Qoot300_cyPK96G8ZOfZOynXWTT1cUGYGOPe8igfTLyU"
      }
    },
    "analysis_mode": "suspicious",
    "total_versions": 2
  },
  "package_url": "https://www.npmjs.com/package/emon-testt",
  "reprocessed": true,
  "original_issues": [
    "files_without_raw: 2/2"
  ]
}