{
  "ghsa_id": null,
  "summary": null,
  "package_name": "ent-esign-newweb",
  "package_manager": "npm",
  "socket_data": {
    "package_name": "ent-esign-newweb",
    "package_manager": "npm",
    "suspicious_versions": [
      "9.9.9"
    ],
    "checked_versions": [
      "9.9.9"
    ],
    "repository_structure": {
      "ent-esign-newweb-9.9.9.tgz": {
        "type": "file",
        "link": "/npm/package/ent-esign-newweb/files/9.9.9/ent-esign-newweb-9.9.9.tgz",
        "raw_link": null
      },
      "package.json": {
        "type": "file",
        "link": "/npm/package/ent-esign-newweb/files/9.9.9/package.json",
        "raw_link": null
      },
      "preinstall.js": {
        "type": "file",
        "link": "/npm/package/ent-esign-newweb/files/9.9.9/preinstall.js",
        "raw_link": null
      },
      "README.md": {
        "type": "file",
        "link": "/npm/package/ent-esign-newweb/files/9.9.9/README.md",
        "raw_link": "https://socketusercontent.com/blob/Q39fsTQ7--CU3uH_-mGum1mGnCLk3qqCwSZMUhNOeFu8"
      }
    },
    "analysis_mode": "suspicious",
    "total_versions": 2
  },
  "package_url": "https://www.npmjs.com/package/ent-esign-newweb",
  "reprocessed": true,
  "original_issues": [
    "files_without_raw: 3/4"
  ]
}