{
  "ghsa_id": null,
  "summary": null,
  "package_name": "enterprise-stencil",
  "package_manager": "npm",
  "socket_data": {
    "package_name": "enterprise-stencil",
    "package_manager": "npm",
    "suspicious_versions": [
      "200.0.0",
      "1.0.0"
    ],
    "checked_versions": [
      "200.0.0",
      "1.0.0"
    ],
    "repository_structure": {
      "scripts": {
        "type": "directory",
        "link": "/npm/package/enterprise-stencil/files/200.0.0/scripts",
        "children": {}
      },
      "canvas.js": {
        "type": "file",
        "link": "/npm/package/enterprise-stencil/files/200.0.0/canvas.js",
        "raw_link": null
      },
      "color.js": {
        "type": "file",
        "link": "/npm/package/enterprise-stencil/files/200.0.0/color.js",
        "raw_link": "https://socketusercontent.com/blob/QPT9clgW0AdOq-15lECucyocpkaDshD5r2QnCqqUcOOk"
      },
      "context2d.js": {
        "type": "file",
        "link": "/npm/package/enterprise-stencil/files/200.0.0/context2d.js",
        "raw_link": "https://socketusercontent.com/blob/Qb32bAJQqTcYsoZYuro4zjZPaDn1Pr5IV0YepXZCpU2Y"
      },
      "index.js": {
        "type": "file",
        "link": "/npm/package/enterprise-stencil/files/200.0.0/index.js",
        "raw_link": null
      },
      "package.json": {
        "type": "file",
        "link": "/npm/package/enterprise-stencil/files/200.0.0/package.json",
        "raw_link": "https://socketusercontent.com/blob/QCnOZvUnuJEL5INsEYNdNE-4y4XevmVvUeVsV4jgPW0I"
      },
      "readme.md": {
        "type": "file",
        "link": "/npm/package/enterprise-stencil/files/200.0.0/readme.md",
        "raw_link": "https://socketusercontent.com/blob/QXCbm0VG_p0j_aDc3QZ5DomBLdxK-IF53BrcW9JVjO4o"
      }
    },
    "analysis_mode": "suspicious",
    "total_versions": 3
  },
  "package_url": "https://www.npmjs.com/package/enterprise-stencil",
  "reprocessed": true,
  "original_issues": [
    "files_without_raw: 3/6",
    "all_dirs_empty: 1"
  ]
}