{
  "ghsa_id": null,
  "summary": null,
  "package_name": "eslint7_0",
  "package_manager": "npm",
  "socket_data": {
    "package_name": "eslint7_0",
    "package_manager": "npm",
    "suspicious_versions": [
      "2.2.2"
    ],
    "checked_versions": [
      "2.2.2"
    ],
    "repository_structure": {
      "package.json": {
        "type": "file",
        "link": "/npm/package/eslint7_0/files/2.2.2/package.json",
        "raw_link": "https://socketusercontent.com/blob/QCcpRjoc19Wys2eBsBI2HJHrVAABQWXmu1ppryHHN158"
      }
    },
    "analysis_mode": "suspicious",
    "total_versions": 2
  },
  "package_url": "https://www.npmjs.com/package/eslint7_0",
  "reprocessed": true,
  "original_issues": [
    "files_without_raw: 1/1"
  ]
}