{
  "ghsa_id": "GHSA-6mpw-jcq6-c6qw",
  "summary": "Malware in eslint-config-scp-custom-rules",
  "package_name": "eslint-config-scp-custom-rules",
  "package_manager": "npm",
  "socket_data": {
    "package_name": "eslint-config-scp-custom-rules",
    "package_manager": "npm",
    "suspicious_versions": [
      "1.0.0"
    ],
    "checked_versions": [
      "1.0.0"
    ],
    "repository_structure": {
      "package.json": {
        "type": "file",
        "link": "/npm/package/eslint-config-scp-custom-rules/files/1.0.0/package.json",
        "raw_link": "https://socketusercontent.com/blob/Qqsi6W5whuy5LxuxhaxQx21sRPsrqUyjH8Ae23xuxgkM"
      }
    },
    "analysis_mode": "suspicious",
    "total_versions": 2
  },
  "package_url": "https://www.npmjs.com/package/eslint-config-scp-custom-rules"
}