{
  "ghsa_id": null,
  "summary": null,
  "package_name": "eslint-config-finance-node",
  "package_manager": "npm",
  "socket_data": {
    "package_name": "eslint-config-finance-node",
    "package_manager": "npm",
    "suspicious_versions": [
      "5.4.3",
      "0.0.0"
    ],
    "checked_versions": [
      "5.4.3",
      "0.0.0"
    ],
    "repository_structure": {
      "index.js": {
        "type": "file",
        "link": "/npm/package/eslint-config-finance-node/files/5.4.3/index.js",
        "raw_link": null
      },
      "npm_logs.txt": {
        "type": "file",
        "link": "/npm/package/eslint-config-finance-node/files/5.4.3/npm_logs.txt",
        "raw_link": null
      },
      "package.json": {
        "type": "file",
        "link": "/npm/package/eslint-config-finance-node/files/5.4.3/package.json",
        "raw_link": "https://socketusercontent.com/blob/QzyIwGh2HjZUWBjXCpa4TUl0W39wH0Nlwi9TfQrofXX0"
      }
    },
    "analysis_mode": "suspicious",
    "total_versions": 3
  },
  "package_url": "https://www.npmjs.com/package/eslint-config-finance-node",
  "reprocessed": true,
  "original_issues": [
    "files_without_raw: 1/3"
  ]
}