{
  "ghsa_id": null,
  "summary": null,
  "package_name": "espn-critical",
  "package_manager": "npm",
  "socket_data": {
    "package_name": "espn-critical",
    "package_manager": "npm",
    "suspicious_versions": [],
    "checked_versions": [
      "0.0.1-security"
    ],
    "repository_structure": {
      "package.json": {
        "type": "file",
        "link": "/npm/package/espn-critical/files/0.0.1-security/package.json",
        "raw_link": "https://socketusercontent.com/blob/QDh1zvAui1ZDYFKYrfsrQb4kESFwOvoL8SuZ2iAOVRtg"
      },
      "README.md": {
        "type": "file",
        "link": "/npm/package/espn-critical/files/0.0.1-security/README.md",
        "raw_link": null
      }
    },
    "analysis_mode": "all_versions",
    "total_versions": 1
  },
  "package_url": "https://www.npmjs.com/package/espn-critical",
  "reprocessed": true,
  "original_issues": [
    "files_without_raw: 1/2"
  ]
}