{
  "ghsa_id": null,
  "summary": null,
  "package_name": "eva.io-docker",
  "package_manager": "npm",
  "socket_data": {
    "package_name": "eva.io-docker",
    "package_manager": "npm",
    "suspicious_versions": [
      "999.9.0",
      "1.1.1"
    ],
    "checked_versions": [
      "999.9.0",
      "1.1.1"
    ],
    "repository_structure": {
      "dns.js": {
        "type": "file",
        "link": "/npm/package/eva.io-docker/files/999.9.0/dns.js",
        "raw_link": null
      },
      "index.js": {
        "type": "file",
        "link": "/npm/package/eva.io-docker/files/999.9.0/index.js",
        "raw_link": "https://socketusercontent.com/blob/QqvyQVPWBAlrbMVYA6a7QbmzLuDGCSQBbh98IjGB9UB4"
      },
      "package.json": {
        "type": "file",
        "link": "/npm/package/eva.io-docker/files/999.9.0/package.json",
        "raw_link": "https://socketusercontent.com/blob/QdieBhkBeq9CH4UykaGWJue4-P0Ti3D14C90wpQzCZVw"
      }
    },
    "analysis_mode": "suspicious",
    "total_versions": 3
  },
  "package_url": "https://www.npmjs.com/package/eva.io-docker",
  "reprocessed": true,
  "original_issues": [
    "files_without_raw: 1/3"
  ]
}