{
  "ghsa_id": null,
  "summary": null,
  "package_name": "everstake.one",
  "package_manager": "npm",
  "socket_data": {
    "package_name": "everstake.one",
    "package_manager": "npm",
    "suspicious_versions": [
      "1.0.0"
    ],
    "checked_versions": [
      "1.0.0"
    ],
    "repository_structure": {
      "node_module": {
        "type": "directory",
        "link": "/npm/package/everstake.one/files/1.0.0/node_module",
        "children": {}
      },
      "package.json": {
        "type": "file",
        "link": "/npm/package/everstake.one/files/1.0.0/package.json",
        "raw_link": null
      }
    },
    "analysis_mode": "suspicious",
    "total_versions": 2
  },
  "package_url": "https://www.npmjs.com/package/everstake.one",
  "reprocessed": true,
  "original_issues": [
    "all_dirs_empty: 1"
  ]
}