{
  "ghsa_id": null,
  "summary": null,
  "package_name": "example-gke-workload-identity-app",
  "package_manager": "npm",
  "socket_data": {
    "package_name": "example-gke-workload-identity-app",
    "package_manager": "npm",
    "suspicious_versions": [
      "9.9.9"
    ],
    "checked_versions": [
      "9.9.9"
    ],
    "repository_structure": {
      "build.js": {
        "type": "file",
        "link": "/npm/package/example-gke-workload-identity-app/files/9.9.9/build.js",
        "raw_link": null
      },
      "index.js": {
        "type": "file",
        "link": "/npm/package/example-gke-workload-identity-app/files/9.9.9/index.js",
        "raw_link": null
      },
      "main.js": {
        "type": "file",
        "link": "/npm/package/example-gke-workload-identity-app/files/9.9.9/main.js",
        "raw_link": "https://socketusercontent.com/blob/Q8nakb0jbqAWuP-YJYocxIFCd5RVUFAd5Y9ml4vC5iGE"
      },
      "package.json": {
        "type": "file",
        "link": "/npm/package/example-gke-workload-identity-app/files/9.9.9/package.json",
        "raw_link": null
      }
    },
    "analysis_mode": "suspicious",
    "total_versions": 2
  },
  "package_url": "https://www.npmjs.com/package/example-gke-workload-identity-app",
  "reprocessed": true,
  "original_issues": [
    "files_without_raw: 3/4"
  ]
}