{
  "ghsa_id": null,
  "summary": null,
  "package_name": "f43wefr3wf",
  "package_manager": "npm",
  "socket_data": {
    "package_name": "f43wefr3wf",
    "package_manager": "npm",
    "suspicious_versions": [
      "2.1.0",
      "1.1.0"
    ],
    "checked_versions": [
      "2.1.0",
      "1.1.0"
    ],
    "repository_structure": {
      "index.js": {
        "type": "file",
        "link": "/npm/package/f43wefr3wf/files/2.1.0/index.js",
        "raw_link": "https://socketusercontent.com/blob/QI-aF1T6GxfsV_3ftFVsOQOwl0AH9185nnmbxwNt269E"
      },
      "package.json": {
        "type": "file",
        "link": "/npm/package/f43wefr3wf/files/2.1.0/package.json",
        "raw_link": "https://socketusercontent.com/blob/QWoxXV_JkHXKSDtAxj5vfNtx9Gc26uqV3xk-Wgh-nsXc"
      }
    },
    "analysis_mode": "suspicious",
    "total_versions": 3
  },
  "package_url": "https://www.npmjs.com/package/f43wefr3wf",
  "reprocessed": true,
  "original_issues": [
    "files_without_raw: 2/2"
  ]
}