{
  "ghsa_id": null,
  "summary": null,
  "package_name": "fanc6og",
  "package_manager": "npm",
  "socket_data": {
    "package_name": "fanc6og",
    "package_manager": "npm",
    "suspicious_versions": [
      "1.2.0",
      "0.0.1-security.1",
      "0.0.1-security.0",
      "0.0.1-security"
    ],
    "checked_versions": [
      "1.2.0",
      "0.0.1-security.1",
      "0.0.1-security.0",
      "0.0.1-security"
    ],
    "repository_structure": {
      "package.json": {
        "type": "file",
        "link": "/npm/package/fanc6og/files/0.0.1-security.1/package.json",
        "raw_link": null
      },
      "README.md": {
        "type": "file",
        "link": "/npm/package/fanc6og/files/0.0.1-security.1/README.md",
        "raw_link": null
      }
    },
    "analysis_mode": "suspicious",
    "total_versions": 5
  },
  "package_url": "https://www.npmjs.com/package/fanc6og",
  "reprocessed": true,
  "original_issues": [
    "files_without_raw: 4/5"
  ]
}