{
  "ghsa_id": null,
  "summary": null,
  "package_name": "fc-carousel",
  "package_manager": "npm",
  "socket_data": {
    "package_name": "fc-carousel",
    "package_manager": "npm",
    "suspicious_versions": [
      "9999.9999.9999",
      "9999.9999.1"
    ],
    "checked_versions": [
      "9999.9999.9999",
      "9999.9999.1"
    ],
    "repository_structure": {
      "index.js": {
        "type": "file",
        "link": "/npm/package/fc-carousel/files/9999.9999.9999/index.js",
        "raw_link": null
      },
      "package.json": {
        "type": "file",
        "link": "/npm/package/fc-carousel/files/9999.9999.9999/package.json",
        "raw_link": "https://socketusercontent.com/blob/QVgQliPanX65wMZEeLepwP5-wxbABIfllA5EtXrCTni4"
      }
    },
    "analysis_mode": "suspicious",
    "total_versions": 3
  },
  "package_url": "https://www.npmjs.com/package/fc-carousel",
  "reprocessed": true,
  "original_issues": [
    "files_without_raw: 2/2"
  ]
}