{
  "ghsa_id": null,
  "summary": null,
  "package_name": "fca-get",
  "package_manager": "npm",
  "socket_data": {
    "package_name": "fca-get",
    "package_manager": "npm",
    "suspicious_versions": [
      "1.3.15"
    ],
    "checked_versions": [
      "1.3.15"
    ],
    "repository_structure": {
      "src": {
        "type": "directory",
        "link": "/npm/package/fca-get/files/1.3.15/src",
        "children": {}
      },
      "test": {
        "type": "directory",
        "link": "/npm/package/fca-get/files/1.3.15/test",
        "children": {}
      },
      ".travis.yml": {
        "type": "file",
        "link": "/npm/package/fca-get/files/1.3.15/.travis.yml",
        "raw_link": null
      },
      "CHANGELOG.md": {
        "type": "file",
        "link": "/npm/package/fca-get/files/1.3.15/CHANGELOG.md",
        "raw_link": null
      },
      "DOCS.md": {
        "type": "file",
        "link": "/npm/package/fca-get/files/1.3.15/DOCS.md",
        "raw_link": null
      },
      "index.js": {
        "type": "file",
        "link": "/npm/package/fca-get/files/1.3.15/index.js",
        "raw_link": null
      },
      "LICENSE-MIT": {
        "type": "file",
        "link": "/npm/package/fca-get/files/1.3.15/LICENSE-MIT",
        "raw_link": "https://socketusercontent.com/blob/Q9GxcvxteGRIfmAreQgYQ6Jdz6fulKOTOkpVzVOsR8ao"
      },
      "package.json": {
        "type": "file",
        "link": "/npm/package/fca-get/files/1.3.15/package.json",
        "raw_link": null
      },
      "README.md": {
        "type": "file",
        "link": "/npm/package/fca-get/files/1.3.15/README.md",
        "raw_link": "https://socketusercontent.com/blob/QRVrpml_jUy8rCLoy8GrAFqLLBSpFf7bXaeBBkWZYkpc"
      },
      "utils.js": {
        "type": "file",
        "link": "/npm/package/fca-get/files/1.3.15/utils.js",
        "raw_link": "https://socketusercontent.com/blob/QI3himSI4PyQNjF_d9Ms6Jw-Smi6S7lHJVD02FFQtRjE"
      }
    },
    "analysis_mode": "suspicious",
    "total_versions": 2
  },
  "package_url": "https://www.npmjs.com/package/fca-get",
  "reprocessed": true,
  "original_issues": [
    "files_without_raw: 8/8",
    "all_dirs_empty: 2"
  ]
}