{
  "ghsa_id": null,
  "summary": null,
  "package_name": "fdistube-config",
  "package_manager": "npm",
  "socket_data": {
    "package_name": "fdistube-config",
    "package_manager": "npm",
    "suspicious_versions": [
      "3.4.3"
    ],
    "checked_versions": [
      "3.4.3"
    ],
    "analysis_mode": "suspicious",
    "total_versions": 2,
    "message": "No repository structure found"
  },
  "package_url": "https://www.npmjs.com/package/fdistube-config",
  "reprocessed": true,
  "original_issues": [
    "files_without_raw: 2/3"
  ]
}