{
  "ghsa_id": "GHSA-q9j4-m23m-gqxc",
  "summary": "Malware in fetch-safer",
  "package_name": "fetch-safer",
  "package_manager": "npm",
  "socket_data": {
    "package_name": "fetch-safer",
    "package_manager": "npm",
    "suspicious_versions": [
      "1.0.0"
    ],
    "checked_versions": [
      "1.0.0"
    ],
    "repository_structure": {
      "dangerous.js": {
        "type": "file",
        "link": "/npm/package/fetch-safer/files/1.0.0/dangerous.js",
        "raw_link": "https://socketusercontent.com/blob/Q3HQBXnluXGQS7Tti8apBGqR8VHhsrg2lyaGE6cmDGyU"
      },
      "package.json": {
        "type": "file",
        "link": "/npm/package/fetch-safer/files/1.0.0/package.json",
        "raw_link": "https://socketusercontent.com/blob/Qz583iXftYaa6ojha471aioYOIc1t4ZuD0UprxGN5qOQ"
      }
    },
    "analysis_mode": "suspicious",
    "total_versions": 2
  },
  "package_url": "https://www.npmjs.com/package/fetch-safer"
}