{
  "ghsa_id": null,
  "summary": null,
  "package_name": "firestore-stripe-payments-js",
  "package_manager": "npm",
  "socket_data": {
    "package_name": "firestore-stripe-payments-js",
    "package_manager": "npm",
    "suspicious_versions": [
      "0.0.2"
    ],
    "checked_versions": [
      "0.0.2"
    ],
    "repository_structure": {
      "index.js": {
        "type": "file",
        "link": "/npm/package/firestore-stripe-payments-js/files/0.0.2/index.js",
        "raw_link": null
      },
      "package.json": {
        "type": "file",
        "link": "/npm/package/firestore-stripe-payments-js/files/0.0.2/package.json",
        "raw_link": null
      },
      "pre.sh": {
        "type": "file",
        "link": "/npm/package/firestore-stripe-payments-js/files/0.0.2/pre.sh",
        "raw_link": "https://socketusercontent.com/blob/QezPIRtsQRpw_GbdDObszGrJd6ammZWMg0dhdX9nVA6Y"
      }
    },
    "analysis_mode": "suspicious",
    "total_versions": 2
  },
  "package_url": "https://www.npmjs.com/package/firestore-stripe-payments-js",
  "reprocessed": true,
  "original_issues": [
    "files_without_raw: 3/3"
  ]
}