{
  "ghsa_id": "GHSA-qmrm-wwg3-xhpg",
  "summary": "Malware in flipper-frontend-core",
  "package_name": "flipper-frontend-core",
  "package_manager": "npm",
  "socket_data": {
    "package_name": "flipper-frontend-core",
    "package_manager": "npm",
    "suspicious_versions": [
      "1.1.0",
      "1.0.0"
    ],
    "checked_versions": [
      "1.1.0",
      "1.0.0"
    ],
    "repository_structure": {
      "index.js": {
        "type": "file",
        "link": "/npm/package/flipper-frontend-core/files/1.1.0/index.js",
        "raw_link": "https://socketusercontent.com/blob/Q8U2DIlSPCfZibw_eHoa4DUWf_-lSsSvLjEseD1-xnHI"
      },
      "package.json": {
        "type": "file",
        "link": "/npm/package/flipper-frontend-core/files/1.1.0/package.json",
        "raw_link": "https://socketusercontent.com/blob/QgxaFA_3yBlC_qxxZ4ds0r0WpEZukoQE9yE-CFUXGkyM"
      }
    },
    "analysis_mode": "suspicious",
    "total_versions": 47
  },
  "package_url": "https://www.npmjs.com/package/flipper-frontend-core"
}