{
  "ghsa_id": null,
  "summary": null,
  "package_name": "flip-flop-flip",
  "package_manager": "npm",
  "socket_data": {
    "package_name": "flip-flop-flip",
    "package_manager": "npm",
    "suspicious_versions": [
      "0.1.1"
    ],
    "checked_versions": [
      "0.1.1"
    ],
    "repository_structure": {
      "bin": {
        "type": "directory",
        "link": "/npm/package/flip-flop-flip/files/0.1.1/bin",
        "children": {}
      },
      "lib": {
        "type": "directory",
        "link": "/npm/package/flip-flop-flip/files/0.1.1/lib",
        "children": {}
      },
      "test": {
        "type": "directory",
        "link": "/npm/package/flip-flop-flip/files/0.1.1/test",
        "children": {}
      },
      ".editorconfig": {
        "type": "file",
        "link": "/npm/package/flip-flop-flip/files/0.1.1/.editorconfig",
        "raw_link": "https://socketusercontent.com/blob/QD3zMVIth8Unh82WGfdqs9ML8HElyMcAnch_o9dov2aQ"
      },
      ".env": {
        "type": "file",
        "link": "/npm/package/flip-flop-flip/files/0.1.1/.env",
        "raw_link": null
      },
      "CONTRIBUTING.md": {
        "type": "file",
        "link": "/npm/package/flip-flop-flip/files/0.1.1/CONTRIBUTING.md",
        "raw_link": "https://socketusercontent.com/blob/Q47DEQpj8HBSa-_TImW-5JCeuQeRkm5NMpJWZG3hSuFU"
      },
      "LICENSE": {
        "type": "file",
        "link": "/npm/package/flip-flop-flip/files/0.1.1/LICENSE",
        "raw_link": null
      },
      "package.json": {
        "type": "file",
        "link": "/npm/package/flip-flop-flip/files/0.1.1/package.json",
        "raw_link": null
      },
      "README.md": {
        "type": "file",
        "link": "/npm/package/flip-flop-flip/files/0.1.1/README.md",
        "raw_link": null
      }
    },
    "analysis_mode": "suspicious",
    "total_versions": 2
  },
  "package_url": "https://www.npmjs.com/package/flip-flop-flip",
  "reprocessed": true,
  "original_issues": [
    "files_without_raw: 5/6",
    "all_dirs_empty: 3"
  ]
}