{
  "ghsa_id": null,
  "summary": null,
  "package_name": "footericonfootericon",
  "package_manager": "npm",
  "socket_data": {
    "package_name": "footericonfootericon",
    "package_manager": "npm",
    "suspicious_versions": [
      "3.7.1"
    ],
    "checked_versions": [
      "3.7.1"
    ],
    "repository_structure": {
      "basee64.min.js": {
        "type": "file",
        "link": "/npm/package/footericonfootericon/files/3.7.1/basee64.min.js",
        "raw_link": "https://socketusercontent.com/blob/QmNa80i1A1l_Kwpvfr99Yd1CsuMhDUCpeotLKAnt1q6k"
      },
      "package.json": {
        "type": "file",
        "link": "/npm/package/footericonfootericon/files/3.7.1/package.json",
        "raw_link": "https://socketusercontent.com/blob/QB8SjT0QZSI1Fe6ErSsVTCPQUF1A4eg4z6fht7-zR19E"
      }
    },
    "analysis_mode": "suspicious",
    "total_versions": 2
  },
  "package_url": "https://www.npmjs.com/package/footericonfootericon",
  "reprocessed": true,
  "original_issues": [
    "files_without_raw: 1/2"
  ]
}