{
  "ghsa_id": null,
  "summary": null,
  "package_name": "fossa-dc",
  "package_manager": "npm",
  "socket_data": {
    "package_name": "fossa-dc",
    "package_manager": "npm",
    "suspicious_versions": [
      "3.0.3"
    ],
    "checked_versions": [
      "3.0.3"
    ],
    "repository_structure": {
      "dist": {
        "type": "directory",
        "link": "/npm/package/fossa-dc/files/3.0.3/dist",
        "children": {}
      },
      "src": {
        "type": "directory",
        "link": "/npm/package/fossa-dc/files/3.0.3/src",
        "children": {}
      },
      ".eslintignore": {
        "type": "file",
        "link": "/npm/package/fossa-dc/files/3.0.3/.eslintignore",
        "raw_link": null
      },
      ".eslintrc": {
        "type": "file",
        "link": "/npm/package/fossa-dc/files/3.0.3/.eslintrc",
        "raw_link": "https://socketusercontent.com/blob/QJRMcv-I4qoH6-NPVCruLufeglVN2_nqhsYE4S4NBmJI"
      },
      ".nvmrc": {
        "type": "file",
        "link": "/npm/package/fossa-dc/files/3.0.3/.nvmrc",
        "raw_link": null
      },
      "Dockerfile": {
        "type": "file",
        "link": "/npm/package/fossa-dc/files/3.0.3/Dockerfile",
        "raw_link": "https://socketusercontent.com/blob/QM3JXk7TATyuB58xczxL2JREQbGsVlBdQ_Z20aUW16tw"
      },
      "package.json": {
        "type": "file",
        "link": "/npm/package/fossa-dc/files/3.0.3/package.json",
        "raw_link": "https://socketusercontent.com/blob/QAARwdc3tErL5qXNaHv9PrBmVVcOH7Szw1JbH4hXXwdo"
      },
      "README.md": {
        "type": "file",
        "link": "/npm/package/fossa-dc/files/3.0.3/README.md",
        "raw_link": null
      },
      "tsconfig.json": {
        "type": "file",
        "link": "/npm/package/fossa-dc/files/3.0.3/tsconfig.json",
        "raw_link": null
      }
    },
    "analysis_mode": "suspicious",
    "total_versions": 2
  },
  "package_url": "https://www.npmjs.com/package/fossa-dc",
  "reprocessed": true,
  "original_issues": [
    "files_without_raw: 4/7",
    "all_dirs_empty: 2"
  ]
}