{
  "ghsa_id": "GHSA-7vpr-f87v-8g4q",
  "summary": "Malware in fplgycikouxtwzvk",
  "package_name": "fplgycikouxtwzvk",
  "package_manager": "npm",
  "socket_data": {
    "package_name": "fplgycikouxtwzvk",
    "package_manager": "npm",
    "suspicious_versions": [
      "0.1.91"
    ],
    "checked_versions": [
      "0.1.91"
    ],
    "analysis_mode": "suspicious",
    "total_versions": 2,
    "message": "No repository structure found"
  },
  "package_url": "https://www.npmjs.com/package/fplgycikouxtwzvk"
}