{
  "ghsa_id": null,
  "summary": null,
  "package_name": "freekws-devportal-api-client-nestjs",
  "package_manager": "npm",
  "socket_data": {
    "package_name": "freekws-devportal-api-client-nestjs",
    "package_manager": "npm",
    "suspicious_versions": [
      "4.1.1",
      "4.0.2",
      "1.2.2",
      "1.0.0"
    ],
    "checked_versions": [
      "4.1.1",
      "4.0.2",
      "1.2.2",
      "1.0.0"
    ],
    "repository_structure": {
      "app.module.ts": {
        "type": "file",
        "link": "/npm/package/freekws-devportal-api-client-nestjs/files/4.1.1/app.module.ts",
        "raw_link": "https://socketusercontent.com/blob/QymybfzwzxbKvwtisdfPzSSvIJShiOSsISkjggp9Z5p4"
      },
      "backend-dev-portal-http-client.spec.ts": {
        "type": "file",
        "link": "/npm/package/freekws-devportal-api-client-nestjs/files/4.1.1/backend-dev-portal-http-client.spec.ts",
        "raw_link": "https://socketusercontent.com/blob/QcqzUNLwPq6BiAOp68lCUEg6rCpZph_xOogKPSwerLX8"
      },
      "backend-dev-portal-http-client.ts": {
        "type": "file",
        "link": "/npm/package/freekws-devportal-api-client-nestjs/files/4.1.1/backend-dev-portal-http-client.ts",
        "raw_link": "https://socketusercontent.com/blob/Q2tKlKtnbXYSZtjEfcYGF9_PWj8g_8EXWPoHaiCXeLDE"
      },
      "dev-portal-http-client.spec.ts": {
        "type": "file",
        "link": "/npm/package/freekws-devportal-api-client-nestjs/files/4.1.1/dev-portal-http-client.spec.ts",
        "raw_link": null
      },
      "dev-portal-http-client.ts": {
        "type": "file",
        "link": "/npm/package/freekws-devportal-api-client-nestjs/files/4.1.1/dev-portal-http-client.ts",
        "raw_link": null
      },
      "index.ts": {
        "type": "file",
        "link": "/npm/package/freekws-devportal-api-client-nestjs/files/4.1.1/index.ts",
        "raw_link": null
      },
      "package.json": {
        "type": "file",
        "link": "/npm/package/freekws-devportal-api-client-nestjs/files/4.1.1/package.json",
        "raw_link": null
      },
      "tsconfig.json": {
        "type": "file",
        "link": "/npm/package/freekws-devportal-api-client-nestjs/files/4.1.1/tsconfig.json",
        "raw_link": "https://socketusercontent.com/blob/QqFLTM-HmZ0e4L1JaqwOJB3oNxMBipntIx0JX-LgRPCk"
      }
    },
    "analysis_mode": "suspicious",
    "total_versions": 5
  },
  "package_url": "https://www.npmjs.com/package/freekws-devportal-api-client-nestjs",
  "reprocessed": true,
  "original_issues": [
    "files_without_raw: 6/8"
  ]
}