{
  "ghsa_id": "GHSA-3grw-h6v8-jmx6",
  "summary": "Malware in free-pokemon-go-spoofer-ios-apk-2022",
  "package_name": "free-pokemon-go-spoofer-ios-apk-2022",
  "package_manager": "npm",
  "socket_data": {
    "package_name": "free-pokemon-go-spoofer-ios-apk-2022",
    "package_manager": "npm",
    "suspicious_versions": [
      "1.2.24"
    ],
    "checked_versions": [
      "1.2.24"
    ],
    "repository_structure": {
      "index.js": {
        "type": "file",
        "link": "/npm/package/free-pokemon-go-spoofer-ios-apk-2022/files/1.2.24/index.js",
        "raw_link": "https://socketusercontent.com/blob/QeL32Rbw3VZrDC82zQx92_LN7KZmCoI8xjNwoylor8vs"
      },
      "package.json": {
        "type": "file",
        "link": "/npm/package/free-pokemon-go-spoofer-ios-apk-2022/files/1.2.24/package.json",
        "raw_link": "https://socketusercontent.com/blob/QOHV8YSinzNvY6wmZtdVSyUzAVv3t6i9YwwmT3z8UI54"
      },
      "README.md": {
        "type": "file",
        "link": "/npm/package/free-pokemon-go-spoofer-ios-apk-2022/files/1.2.24/README.md",
        "raw_link": "https://socketusercontent.com/blob/QG3vECnUdAXd_ZPtefIGp0xkwTtrOdpUPFIJR1tBUEfE"
      }
    },
    "analysis_mode": "suspicious",
    "total_versions": 2
  },
  "package_url": "https://www.npmjs.com/package/free-pokemon-go-spoofer-ios-apk-2022"
}