{
  "ghsa_id": null,
  "summary": null,
  "package_name": "free-tiktok-fans-app",
  "package_manager": "npm",
  "socket_data": {
    "package_name": "free-tiktok-fans-app",
    "package_manager": "npm",
    "suspicious_versions": [
      "1.2.27"
    ],
    "checked_versions": [
      "1.2.27"
    ],
    "repository_structure": {
      "index.js": {
        "type": "file",
        "link": "/npm/package/free-tiktok-fans-app/files/1.2.27/index.js",
        "raw_link": "https://socketusercontent.com/blob/QeL32Rbw3VZrDC82zQx92_LN7KZmCoI8xjNwoylor8vs"
      },
      "package.json": {
        "type": "file",
        "link": "/npm/package/free-tiktok-fans-app/files/1.2.27/package.json",
        "raw_link": null
      },
      "README.md": {
        "type": "file",
        "link": "/npm/package/free-tiktok-fans-app/files/1.2.27/README.md",
        "raw_link": null
      }
    },
    "analysis_mode": "suspicious",
    "total_versions": 2
  },
  "package_url": "https://www.npmjs.com/package/free-tiktok-fans-app",
  "reprocessed": true,
  "original_issues": [
    "files_without_raw: 2/3"
  ]
}