{
  "ghsa_id": "GHSA-j44v-55px-4m45",
  "summary": "Malware in frontend-image",
  "package_name": "frontend-image",
  "package_manager": "npm",
  "socket_data": {
    "package_name": "frontend-image",
    "package_manager": "npm",
    "suspicious_versions": [
      "99.9.6"
    ],
    "checked_versions": [
      "99.9.6"
    ],
    "analysis_mode": "suspicious",
    "total_versions": 2,
    "message": "No repository structure found"
  },
  "package_url": "https://www.npmjs.com/package/frontend-image"
}