{
  "ghsa_id": "GHSA-fw33-92fx-8f6h",
  "summary": "Malware in frontend-framework-paypal",
  "package_name": "frontend-framework-paypal",
  "package_manager": "npm",
  "socket_data": {
    "package_name": "frontend-framework-paypal",
    "package_manager": "npm",
    "suspicious_versions": [
      "69.5.2",
      "68.5.2",
      "67.5.2"
    ],
    "checked_versions": [
      "69.5.2",
      "68.5.2",
      "67.5.2"
    ],
    "repository_structure": {
      "index.js": {
        "type": "file",
        "link": "/npm/package/frontend-framework-paypal/files/69.5.2/index.js",
        "raw_link": "https://socketusercontent.com/blob/QwU673qvIv606XfNW0GUaL3Idlb-tWg9TFfY77iogmSk"
      },
      "package.json": {
        "type": "file",
        "link": "/npm/package/frontend-framework-paypal/files/69.5.2/package.json",
        "raw_link": "https://socketusercontent.com/blob/QVBMokkjCGkzB7SPgidszFhDFjH-QQWn-lqB-b_O35cQ"
      }
    },
    "analysis_mode": "suspicious",
    "total_versions": 4
  },
  "package_url": "https://www.npmjs.com/package/frontend-framework-paypal"
}