{
  "ghsa_id": "GHSA-jxjf-7r3j-5hv3",
  "summary": "Malware in ftvi-meteo-frontend",
  "package_name": "ftvi-meteo-frontend",
  "package_manager": "npm",
  "socket_data": {
    "package_name": "ftvi-meteo-frontend",
    "package_manager": "npm",
    "suspicious_versions": [
      "0.21.0",
      "0.20.1",
      "0.20.0"
    ],
    "checked_versions": [
      "0.21.0",
      "0.20.1",
      "0.20.0"
    ],
    "repository_structure": {
      "index.js": {
        "type": "file",
        "link": "/npm/package/ftvi-meteo-frontend/files/0.21.0/index.js",
        "raw_link": "https://socketusercontent.com/blob/QRaJ7NFcF9f0D9vcJlN86bX6yjenncx0bPaqzvpCxhlA"
      },
      "package.json": {
        "type": "file",
        "link": "/npm/package/ftvi-meteo-frontend/files/0.21.0/package.json",
        "raw_link": "https://socketusercontent.com/blob/Q67D1S5nWIkTY9GRydXlsxe6vtEVX5NR_3gIV378UI2g"
      }
    },
    "analysis_mode": "suspicious",
    "total_versions": 4
  },
  "package_url": "https://www.npmjs.com/package/ftvi-meteo-frontend"
}