{
  "ghsa_id": "GHSA-2wp4-64m6-c8hc",
  "summary": "Malware in god-a-human-history-by-reza-aslan-on-ipad-new-version-",
  "package_name": "god-a-human-history-by-reza-aslan-on-ipad-new-version-",
  "package_manager": "npm",
  "socket_data": {
    "package_name": "god-a-human-history-by-reza-aslan-on-ipad-new-version-",
    "package_manager": "npm",
    "suspicious_versions": [
      "0.0.1",
      "0.0.1-security"
    ],
    "checked_versions": [
      "0.0.1",
      "0.0.1-security"
    ],
    "repository_structure": {
      "index.js": {
        "type": "file",
        "link": "/npm/package/god-a-human-history-by-reza-aslan-on-ipad-new-version-/files/0.0.1/index.js",
        "raw_link": null
      },
      "package.json": {
        "type": "file",
        "link": "/npm/package/god-a-human-history-by-reza-aslan-on-ipad-new-version-/files/0.0.1/package.json",
        "raw_link": null
      },
      "README.md": {
        "type": "file",
        "link": "/npm/package/god-a-human-history-by-reza-aslan-on-ipad-new-version-/files/0.0.1/README.md",
        "raw_link": null
      }
    },
    "analysis_mode": "suspicious",
    "total_versions": 2
  },
  "package_url": "https://www.npmjs.com/package/god-a-human-history-by-reza-aslan-on-ipad-new-version-"
}