{
  "ghsa_id": null,
  "summary": null,
  "package_name": "google.fhir.stu3.google",
  "package_manager": "npm",
  "socket_data": {
    "package_name": "google.fhir.stu3.google",
    "package_manager": "npm",
    "suspicious_versions": [
      "99.20.20"
    ],
    "checked_versions": [
      "99.20.20"
    ],
    "repository_structure": {
      "index.js": {
        "type": "file",
        "link": "/npm/package/google.fhir.stu3.google/files/99.20.20/index.js",
        "raw_link": null
      },
      "package.json": {
        "type": "file",
        "link": "/npm/package/google.fhir.stu3.google/files/99.20.20/package.json",
        "raw_link": "https://socketusercontent.com/blob/QOZ9gwmKQNQQzzVKR_g0q4lKEvG59HjQMdxDR5fhLnkI"
      }
    },
    "analysis_mode": "suspicious",
    "total_versions": 2
  },
  "package_url": "https://www.npmjs.com/package/google.fhir.stu3.google",
  "reprocessed": true,
  "original_issues": [
    "files_without_raw: 2/2"
  ]
}