{
  "ghsa_id": "GHSA-rcxr-jgh6-2qj4",
  "summary": "Malware in govuk-frontend-v4",
  "package_name": "govuk-frontend-v4",
  "package_manager": "npm",
  "socket_data": {
    "package_name": "govuk-frontend-v4",
    "package_manager": "npm",
    "suspicious_versions": [
      "99.9.9"
    ],
    "checked_versions": [
      "99.9.9"
    ],
    "repository_structure": {
      "index.js": {
        "type": "file",
        "link": "/npm/package/govuk-frontend-v4/files/99.9.9/index.js",
        "raw_link": "https://socketusercontent.com/blob/QWaGXJT-lSlfqX4V2V2eKWcIdX7VQwgjoaTJz5OW8vAk"
      },
      "package.json": {
        "type": "file",
        "link": "/npm/package/govuk-frontend-v4/files/99.9.9/package.json",
        "raw_link": "https://socketusercontent.com/blob/QUlVR2hGKwAaZoECDK2N_KCA0M2YioJgjIMTQfC6JQR8"
      }
    },
    "analysis_mode": "suspicious",
    "total_versions": 2
  },
  "package_url": "https://www.npmjs.com/package/govuk-frontend-v4"
}