{
  "ghsa_id": null,
  "summary": null,
  "package_name": "gradient-function",
  "package_manager": "npm",
  "socket_data": {
    "package_name": "gradient-function",
    "package_manager": "npm",
    "suspicious_versions": [
      "3.5.7",
      "3.5.3",
      "3.2.5",
      "2.5.8",
      "2.4.8",
      "2.3.8",
      "2.2.8",
      "2.0.8",
      "2.0.7",
      "2.0.5",
      "2.0.4",
      "2.0.3",
      "2.0.2",
      "1.0.0"
    ],
    "checked_versions": [
      "3.5.7",
      "3.5.3",
      "3.2.5",
      "2.5.8",
      "2.4.8",
      "2.3.8",
      "2.2.8",
      "2.0.8",
      "2.0.7",
      "2.0.5",
      "2.0.4",
      "2.0.3",
      "2.0.2",
      "1.0.0"
    ],
    "repository_structure": {
      "index.js": {
        "type": "file",
        "link": "/npm/package/gradient-function/files/3.5.7/index.js",
        "raw_link": "https://socketusercontent.com/blob/QJ5vNcI_lOvOH3fusVXKUE_kc-6-V9nY4dZuWNV7Xrr8"
      },
      "LICENSE": {
        "type": "file",
        "link": "/npm/package/gradient-function/files/3.5.7/LICENSE",
        "raw_link": "https://socketusercontent.com/blob/Q7fNuzEo18zYlrsxRx5gefaA7bsQqkuAkN-BCKrI_zRc"
      },
      "package.json": {
        "type": "file",
        "link": "/npm/package/gradient-function/files/3.5.7/package.json",
        "raw_link": null
      }
    },
    "analysis_mode": "suspicious",
    "total_versions": 15
  },
  "package_url": "https://www.npmjs.com/package/gradient-function",
  "reprocessed": true,
  "original_issues": [
    "files_without_raw: 3/3"
  ]
}