{
  "ghsa_id": null,
  "summary": null,
  "package_name": "grammyjs-utils",
  "package_manager": "npm",
  "socket_data": {
    "package_name": "grammyjs-utils",
    "package_manager": "npm",
    "suspicious_versions": [
      "1.40.0",
      "1.39.0",
      "1.37.0"
    ],
    "checked_versions": [
      "1.40.0",
      "1.39.0",
      "1.37.0"
    ],
    "repository_structure": {
      "out": {
        "type": "directory",
        "link": "/npm/package/grammyjs-utils/files/1.40.0/out",
        "children": {}
      },
      "LICENSE": {
        "type": "file",
        "link": "/npm/package/grammyjs-utils/files/1.40.0/LICENSE",
        "raw_link": "https://socketusercontent.com/blob/QAlvCxhLnSnTFWkvySqItDHGlrpPIHYGUqm91MphdSIA"
      },
      "package.json": {
        "type": "file",
        "link": "/npm/package/grammyjs-utils/files/1.40.0/package.json",
        "raw_link": null
      },
      "README.md": {
        "type": "file",
        "link": "/npm/package/grammyjs-utils/files/1.40.0/README.md",
        "raw_link": null
      }
    },
    "analysis_mode": "suspicious",
    "total_versions": 4
  },
  "package_url": "https://www.npmjs.com/package/grammyjs-utils",
  "reprocessed": true,
  "original_issues": [
    "files_without_raw: 3/3",
    "all_dirs_empty: 1"
  ]
}