{
  "ghsa_id": null,
  "summary": null,
  "package_name": "grammy-menu",
  "package_manager": "npm",
  "socket_data": {
    "package_name": "grammy-menu",
    "package_manager": "npm",
    "suspicious_versions": [
      "1.1.2"
    ],
    "checked_versions": [
      "1.1.2"
    ],
    "repository_structure": {
      "dist": {
        "type": "directory",
        "link": "/npm/package/grammy-menu/files/1.1.2/dist",
        "children": {}
      },
      "LICENSE": {
        "type": "file",
        "link": "/npm/package/grammy-menu/files/1.1.2/LICENSE",
        "raw_link": null
      },
      "package.json": {
        "type": "file",
        "link": "/npm/package/grammy-menu/files/1.1.2/package.json",
        "raw_link": "https://socketusercontent.com/blob/QGCNvyA4ja61rA3rlrmaKCL9Fc78K9sHVWyoQOMy0Qxw"
      },
      "README.md": {
        "type": "file",
        "link": "/npm/package/grammy-menu/files/1.1.2/README.md",
        "raw_link": "https://socketusercontent.com/blob/QE2WcAH7aDZttqp6x_2ZqbgPxmHAPAW2P7sYydHmfktc"
      }
    },
    "analysis_mode": "suspicious",
    "total_versions": 2
  },
  "package_url": "https://www.npmjs.com/package/grammy-menu",
  "reprocessed": true,
  "original_issues": [
    "files_without_raw: 2/3",
    "all_dirs_empty: 1"
  ]
}