{
  "ghsa_id": null,
  "summary": null,
  "package_name": "grocerylink",
  "package_manager": "npm",
  "socket_data": {
    "package_name": "grocerylink",
    "package_manager": "npm",
    "suspicious_versions": [
      "1.1.0"
    ],
    "checked_versions": [
      "1.1.0"
    ],
    "repository_structure": {
      "index.js": {
        "type": "file",
        "link": "/npm/package/grocerylink/files/1.1.0/index.js",
        "raw_link": "https://socketusercontent.com/blob/QuiraFIxjSLc91v1itksQB3BKaceVLdnroL1UDB925UI"
      },
      "package.json": {
        "type": "file",
        "link": "/npm/package/grocerylink/files/1.1.0/package.json",
        "raw_link": null
      }
    },
    "analysis_mode": "suspicious",
    "total_versions": 2
  },
  "package_url": "https://www.npmjs.com/package/grocerylink",
  "reprocessed": true,
  "original_issues": [
    "files_without_raw: 2/2"
  ]
}