{
  "ghsa_id": null,
  "summary": null,
  "package_name": "grpc-examples",
  "package_manager": "npm",
  "socket_data": {
    "package_name": "grpc-examples",
    "package_manager": "npm",
    "suspicious_versions": [
      "1.0.0"
    ],
    "checked_versions": [
      "1.0.0"
    ],
    "repository_structure": {
      "package.json": {
        "type": "file",
        "link": "/npm/package/grpc-examples/files/1.0.0/package.json",
        "raw_link": null
      }
    },
    "analysis_mode": "suspicious",
    "total_versions": 2
  },
  "package_url": "https://www.npmjs.com/package/grpc-examples",
  "reprocessed": true,
  "original_issues": [
    "files_without_raw: 1/1"
  ]
}