{
  "ghsa_id": null,
  "summary": null,
  "package_name": "grunt-backbone-typescript-accessor-generator",
  "package_manager": "npm",
  "socket_data": {
    "package_name": "grunt-backbone-typescript-accessor-generator",
    "package_manager": "npm",
    "suspicious_versions": [
      "99.10.10"
    ],
    "checked_versions": [
      "99.10.10"
    ],
    "repository_structure": {
      "index.js": {
        "type": "file",
        "link": "/npm/package/grunt-backbone-typescript-accessor-generator/files/99.10.10/index.js",
        "raw_link": "https://socketusercontent.com/blob/Q5euISXPMxTm_gkADW2OVM6NCqsQ5MVzPMY9PQUGx70Y"
      },
      "package.json": {
        "type": "file",
        "link": "/npm/package/grunt-backbone-typescript-accessor-generator/files/99.10.10/package.json",
        "raw_link": "https://socketusercontent.com/blob/QzHSFb7nnlnUXUCdvI5oDaebPCLNZfRXqklw3m5vaJpU"
      }
    },
    "analysis_mode": "suspicious",
    "total_versions": 2
  },
  "package_url": "https://www.npmjs.com/package/grunt-backbone-typescript-accessor-generator",
  "reprocessed": true,
  "original_issues": [
    "files_without_raw: 2/2"
  ]
}