{
  "ghsa_id": "GHSA-jwgg-hvpr-j4f2",
  "summary": "Malware in h5bp-docs",
  "package_name": "h5bp-docs",
  "package_manager": "npm",
  "socket_data": {
    "package_name": "h5bp-docs",
    "package_manager": "npm",
    "suspicious_versions": [
      "6.5.4"
    ],
    "checked_versions": [
      "6.5.4"
    ],
    "repository_structure": {
      "index.js": {
        "type": "file",
        "link": "/npm/package/h5bp-docs/files/6.5.4/index.js",
        "raw_link": "https://socketusercontent.com/blob/Qkg2gkX2_fq1VMUBrMk3oNlbJCjkXb1N3wSP-NtJXZos"
      },
      "package.json": {
        "type": "file",
        "link": "/npm/package/h5bp-docs/files/6.5.4/package.json",
        "raw_link": "https://socketusercontent.com/blob/QDPVB3eLregplAy8_BbcciHdOa1Hs--X_qibKOOvwPmU"
      }
    },
    "analysis_mode": "suspicious",
    "total_versions": 2
  },
  "package_url": "https://www.npmjs.com/package/h5bp-docs"
}