{
  "ghsa_id": null,
  "summary": null,
  "package_name": "handlebars-formatter",
  "package_manager": "npm",
  "socket_data": {
    "package_name": "handlebars-formatter",
    "package_manager": "npm",
    "suspicious_versions": [
      "26.0.0",
      "25.0.0",
      "24.0.0",
      "22.0.0",
      "20.0.0",
      "10.0.2",
      "10.0.1",
      "10.0.0",
      "1.0.0"
    ],
    "checked_versions": [
      "26.0.0",
      "25.0.0",
      "24.0.0",
      "22.0.0",
      "20.0.0",
      "10.0.2",
      "10.0.1",
      "10.0.0",
      "1.0.0"
    ],
    "repository_structure": {
      "package.json": {
        "type": "file",
        "link": "/npm/package/handlebars-formatter/files/26.0.0/package.json",
        "raw_link": "https://socketusercontent.com/blob/QbUqZVRxLIUHfqiZO8ugYUKpwuExp4fE5Sb6LJ0xorn8"
      },
      "pakage.json": {
        "type": "file",
        "link": "/npm/package/handlebars-formatter/files/26.0.0/pakage.json",
        "raw_link": null
      }
    },
    "analysis_mode": "suspicious",
    "total_versions": 10
  },
  "package_url": "https://www.npmjs.com/package/handlebars-formatter",
  "reprocessed": true,
  "original_issues": [
    "files_without_raw: 2/2"
  ]
}