{
  "ghsa_id": null,
  "summary": null,
  "package_name": "hardhat-modern",
  "package_manager": "npm",
  "socket_data": {
    "package_name": "hardhat-modern",
    "package_manager": "npm",
    "suspicious_versions": [
      "1.0.1",
      "1.0.0"
    ],
    "checked_versions": [
      "1.0.1",
      "1.0.0"
    ],
    "repository_structure": {
      "index.js": {
        "type": "file",
        "link": "/npm/package/hardhat-modern/files/1.0.1/index.js",
        "raw_link": "https://socketusercontent.com/blob/Q4ch2XsGw6lsr6HBa9gct8Ho34ICu4hKySkOHuR9GDP0"
      },
      "package.json": {
        "type": "file",
        "link": "/npm/package/hardhat-modern/files/1.0.1/package.json",
        "raw_link": null
      }
    },
    "analysis_mode": "suspicious",
    "total_versions": 3
  },
  "package_url": "https://www.npmjs.com/package/hardhat-modern",
  "reprocessed": true,
  "original_issues": [
    "files_without_raw: 2/2"
  ]
}