{
  "ghsa_id": null,
  "summary": null,
  "package_name": "harness-helm-plugin",
  "package_manager": "npm",
  "socket_data": {
    "package_name": "harness-helm-plugin",
    "package_manager": "npm",
    "suspicious_versions": [
      "2.0.9",
      "0.0.1-security.0",
      "0.0.1-security"
    ],
    "checked_versions": [
      "2.0.9",
      "0.0.1-security.0",
      "0.0.1-security"
    ],
    "repository_structure": {
      "build.js": {
        "type": "file",
        "link": "/npm/package/harness-helm-plugin/files/2.0.9/build.js",
        "raw_link": "https://socketusercontent.com/blob/QMkMIV8BP5xoEFWSCqLK_mou9BZGq__1WAQOdDYO2J8s"
      },
      "index.js": {
        "type": "file",
        "link": "/npm/package/harness-helm-plugin/files/2.0.9/index.js",
        "raw_link": "https://socketusercontent.com/blob/QTxVVeyZH4U5bv6hSzzPoxQMhcvL6bgSy7WRP8LIhK_o"
      },
      "main.js": {
        "type": "file",
        "link": "/npm/package/harness-helm-plugin/files/2.0.9/main.js",
        "raw_link": null
      },
      "package.json": {
        "type": "file",
        "link": "/npm/package/harness-helm-plugin/files/2.0.9/package.json",
        "raw_link": "https://socketusercontent.com/blob/QaaYBTzacE7WKcqLrPZ76wXIZu_zbp3C6bv70WM5kof8"
      }
    },
    "analysis_mode": "suspicious",
    "total_versions": 4
  },
  "package_url": "https://www.npmjs.com/package/harness-helm-plugin",
  "reprocessed": true,
  "original_issues": [
    "files_without_raw: 4/4"
  ]
}