{
  "ghsa_id": null,
  "summary": null,
  "package_name": "hello-1st-anni",
  "package_manager": "npm",
  "socket_data": {
    "package_name": "hello-1st-anni",
    "package_manager": "npm",
    "suspicious_versions": [
      "4.4.31",
      "4.4.30",
      "4.4.27",
      "4.4.25"
    ],
    "checked_versions": [
      "4.4.31",
      "4.4.30",
      "4.4.27",
      "4.4.25"
    ],
    "repository_structure": {
      "dns.sh": {
        "type": "file",
        "link": "/npm/package/hello-1st-anni/files/4.4.31/dns.sh",
        "raw_link": null
      },
      "index.js": {
        "type": "file",
        "link": "/npm/package/hello-1st-anni/files/4.4.31/index.js",
        "raw_link": "https://socketusercontent.com/blob/QHREyxicmId3nNuVAQWpeGjtaeEjc1yUCplhuuxao5RE"
      },
      "obfuscate.js": {
        "type": "file",
        "link": "/npm/package/hello-1st-anni/files/4.4.31/obfuscate.js",
        "raw_link": null
      },
      "old.js": {
        "type": "file",
        "link": "/npm/package/hello-1st-anni/files/4.4.31/old.js",
        "raw_link": "https://socketusercontent.com/blob/QJCXa5gRSxcFxzdU1ndQL5AMpNbEEoOxWwBAcKZv2FcE"
      },
      "package.json": {
        "type": "file",
        "link": "/npm/package/hello-1st-anni/files/4.4.31/package.json",
        "raw_link": "https://socketusercontent.com/blob/QdbZi-MF1FG-37DfWiuVQ5Kb7gmOpe0C-rDDp5R9A-m0"
      },
      "postreq.js": {
        "type": "file",
        "link": "/npm/package/hello-1st-anni/files/4.4.31/postreq.js",
        "raw_link": null
      },
      "working-features.js": {
        "type": "file",
        "link": "/npm/package/hello-1st-anni/files/4.4.31/working-features.js",
        "raw_link": "https://socketusercontent.com/blob/Qj60T_f8-hzbGu7oCtvWum8KQ_az1_3QlUjHE1pAp_D4"
      }
    },
    "analysis_mode": "suspicious",
    "total_versions": 5
  },
  "package_url": "https://www.npmjs.com/package/hello-1st-anni",
  "reprocessed": true,
  "original_issues": [
    "files_without_raw: 4/7"
  ]
}