{
  "ghsa_id": "GHSA-6mgm-239w-3j29",
  "summary": "Malware in hide-pay",
  "package_name": "hide-pay",
  "package_manager": "npm",
  "socket_data": {
    "package_name": "hide-pay",
    "package_manager": "npm",
    "suspicious_versions": [
      "1.0.0"
    ],
    "checked_versions": [
      "1.0.0"
    ],
    "repository_structure": {
      "exploit.sh": {
        "type": "file",
        "link": "/npm/package/hide-pay/files/1.0.0/exploit.sh",
        "raw_link": "https://socketusercontent.com/blob/QkcvKVMMIV8sb39jDn7WPjWOoGky5g9FMGtG72VyDv-k"
      },
      "package.json": {
        "type": "file",
        "link": "/npm/package/hide-pay/files/1.0.0/package.json",
        "raw_link": "https://socketusercontent.com/blob/Q7EhEeRh-lw5KI7xW_HM_PvH4g48rheaKooGCFPWRgHo"
      }
    },
    "analysis_mode": "suspicious",
    "total_versions": 2
  },
  "package_url": "https://www.npmjs.com/package/hide-pay"
}