{
  "ghsa_id": null,
  "summary": null,
  "package_name": "hossein_lib",
  "package_manager": "npm",
  "socket_data": {
    "package_name": "hossein_lib",
    "package_manager": "npm",
    "suspicious_versions": [
      "2.0.0",
      "1.1.0",
      "1.0.0"
    ],
    "checked_versions": [
      "2.0.0",
      "1.1.0",
      "1.0.0"
    ],
    "repository_structure": {
      "index.js": {
        "type": "file",
        "link": "/npm/package/hossein_lib/files/2.0.0/index.js",
        "raw_link": null
      },
      "package.json": {
        "type": "file",
        "link": "/npm/package/hossein_lib/files/2.0.0/package.json",
        "raw_link": "https://socketusercontent.com/blob/QQGFGZvXONOvMRAL7z3RJW__SC83-xCo50Ho2CLT43jM"
      }
    },
    "analysis_mode": "suspicious",
    "total_versions": 4
  },
  "package_url": "https://www.npmjs.com/package/hossein_lib",
  "reprocessed": true,
  "original_issues": [
    "files_without_raw: 2/2"
  ]
}