{
  "ghsa_id": null,
  "summary": null,
  "package_name": "hyperion-react-testapp",
  "package_manager": "npm",
  "socket_data": {
    "package_name": "hyperion-react-testapp",
    "package_manager": "npm",
    "suspicious_versions": [
      "1.33.7"
    ],
    "checked_versions": [
      "1.33.7"
    ],
    "repository_structure": {
      "index.js": {
        "type": "file",
        "link": "/npm/package/hyperion-react-testapp/files/1.33.7/index.js",
        "raw_link": null
      },
      "package.json": {
        "type": "file",
        "link": "/npm/package/hyperion-react-testapp/files/1.33.7/package.json",
        "raw_link": "https://socketusercontent.com/blob/QY2pt4hng_eTp59cuf-LDbbN85ubHpBfAHXlM8gYCNZo"
      }
    },
    "analysis_mode": "suspicious",
    "total_versions": 2
  },
  "package_url": "https://www.npmjs.com/package/hyperion-react-testapp",
  "reprocessed": true,
  "original_issues": [
    "files_without_raw: 2/2"
  ]
}