{
  "ghsa_id": null,
  "summary": null,
  "package_name": "hyvee.com",
  "package_manager": "npm",
  "socket_data": {
    "package_name": "hyvee.com",
    "package_manager": "npm",
    "suspicious_versions": [
      "3.3.4",
      "3.3.3"
    ],
    "checked_versions": [
      "3.3.4",
      "3.3.3"
    ],
    "repository_structure": {
      "install.sh": {
        "type": "file",
        "link": "/npm/package/hyvee.com/files/3.3.4/install.sh",
        "raw_link": null
      },
      "package.json": {
        "type": "file",
        "link": "/npm/package/hyvee.com/files/3.3.4/package.json",
        "raw_link": "https://socketusercontent.com/blob/QwqXS4nUWq-zWBIMgQFa3MyIp3TnqXKouIwBMghucTnw"
      }
    },
    "analysis_mode": "suspicious",
    "total_versions": 3
  },
  "package_url": "https://www.npmjs.com/package/hyvee.com",
  "reprocessed": true,
  "original_issues": [
    "files_without_raw: 2/2"
  ]
}