{
  "ghsa_id": null,
  "summary": null,
  "package_name": "icinga",
  "package_manager": "npm",
  "socket_data": {
    "package_name": "icinga",
    "package_manager": "npm",
    "suspicious_versions": [
      "99.99.2",
      "1.0.0"
    ],
    "checked_versions": [
      "99.99.2",
      "1.0.0"
    ],
    "repository_structure": {
      "index.js": {
        "type": "file",
        "link": "/npm/package/icinga/files/99.99.2/index.js",
        "raw_link": null
      },
      "package.json": {
        "type": "file",
        "link": "/npm/package/icinga/files/99.99.2/package.json",
        "raw_link": "https://socketusercontent.com/blob/QUVoaxtnYhYknN1blHyXYQRdWK2Mgyz713u2efYCtSkM"
      }
    },
    "analysis_mode": "suspicious",
    "total_versions": 3
  },
  "package_url": "https://www.npmjs.com/package/icinga",
  "reprocessed": true,
  "original_issues": [
    "files_without_raw: 2/2"
  ]
}