{
  "ghsa_id": null,
  "summary": null,
  "package_name": "icons-pack",
  "package_manager": "npm",
  "socket_data": {
    "package_name": "icons-pack",
    "package_manager": "npm",
    "suspicious_versions": [
      "7.8.3"
    ],
    "checked_versions": [
      "7.8.3"
    ],
    "repository_structure": {
      "dist": {
        "type": "directory",
        "link": "/npm/package/icons-pack/files/7.8.3/dist",
        "children": {}
      },
      "icons": {
        "type": "directory",
        "link": "/npm/package/icons-pack/files/7.8.3/icons",
        "children": {}
      },
      "CHANGELOG.md": {
        "type": "file",
        "link": "/npm/package/icons-pack/files/7.8.3/CHANGELOG.md",
        "raw_link": "https://socketusercontent.com/blob/Q7rSTfOFSqyuSHCISB8G6aJqMAwaCqBk4u6eoW-OCWHg"
      },
      "LICENSE": {
        "type": "file",
        "link": "/npm/package/icons-pack/files/7.8.3/LICENSE",
        "raw_link": null
      },
      "package.json": {
        "type": "file",
        "link": "/npm/package/icons-pack/files/7.8.3/package.json",
        "raw_link": "https://socketusercontent.com/blob/Q4rlGzhD-IURuEoup0flDzn18JiGdTTzsC-nLynH44dE"
      },
      "readme.md": {
        "type": "file",
        "link": "/npm/package/icons-pack/files/7.8.3/readme.md",
        "raw_link": null
      }
    },
    "analysis_mode": "suspicious",
    "total_versions": 2
  },
  "package_url": "https://www.npmjs.com/package/icons-pack",
  "reprocessed": true,
  "original_issues": [
    "files_without_raw: 4/4",
    "all_dirs_empty: 2"
  ]
}