{
  "ghsa_id": "GHSA-229c-m24m-j84f",
  "summary": "Malware in idx-auto-tester",
  "package_name": "idx-auto-tester",
  "package_manager": "npm",
  "socket_data": {
    "package_name": "idx-auto-tester",
    "package_manager": "npm",
    "suspicious_versions": [
      "99.10.10",
      "99.10.9",
      "0.0.1-security.4",
      "0.0.1-security.3",
      "0.0.1-security.2",
      "0.0.1-security.1",
      "0.0.1-security.0",
      "0.0.1-security"
    ],
    "checked_versions": [
      "99.10.10",
      "99.10.9",
      "0.0.1-security.4",
      "0.0.1-security.3",
      "0.0.1-security.2",
      "0.0.1-security.1",
      "0.0.1-security.0",
      "0.0.1-security"
    ],
    "repository_structure": {
      "index.js": {
        "type": "file",
        "link": "/npm/package/idx-auto-tester/files/99.10.10/index.js",
        "raw_link": "https://socketusercontent.com/blob/QODAHunNXTZ4ow4AnfIw6R3k6SnGHcXSt0gotvlGbWxU"
      },
      "package.json": {
        "type": "file",
        "link": "/npm/package/idx-auto-tester/files/99.10.10/package.json",
        "raw_link": "https://socketusercontent.com/blob/Q58_q66L4I0kI0bxAWjgDB02qLySuKILscQK--DJcK7Q"
      }
    },
    "analysis_mode": "suspicious",
    "total_versions": 9
  },
  "package_url": "https://www.npmjs.com/package/idx-auto-tester"
}