{
  "ghsa_id": null,
  "summary": null,
  "package_name": "ikemurami-di",
  "package_manager": "npm",
  "socket_data": {
    "package_name": "ikemurami-di",
    "package_manager": "npm",
    "suspicious_versions": [
      "0.0.5",
      "0.0.4",
      "0.0.3",
      "0.0.2",
      "0.0.1"
    ],
    "checked_versions": [
      "0.0.5",
      "0.0.4",
      "0.0.3",
      "0.0.2",
      "0.0.1"
    ],
    "repository_structure": {
      "index.js": {
        "type": "file",
        "link": "/npm/package/ikemurami-di/files/0.0.5/index.js",
        "raw_link": null
      },
      "package.json": {
        "type": "file",
        "link": "/npm/package/ikemurami-di/files/0.0.5/package.json",
        "raw_link": null
      }
    },
    "analysis_mode": "suspicious",
    "total_versions": 6
  },
  "package_url": "https://www.npmjs.com/package/ikemurami-di",
  "reprocessed": true,
  "original_issues": [
    "files_without_raw: 2/2"
  ]
}