{
  "ghsa_id": null,
  "summary": null,
  "package_name": "indy-vdr-shared",
  "package_manager": "npm",
  "socket_data": {
    "package_name": "indy-vdr-shared",
    "package_manager": "npm",
    "suspicious_versions": [
      "1.0.0"
    ],
    "checked_versions": [
      "1.0.0"
    ],
    "repository_structure": {
      "index.js": {
        "type": "file",
        "link": "/npm/package/indy-vdr-shared/files/1.0.0/index.js",
        "raw_link": null
      },
      "package.json": {
        "type": "file",
        "link": "/npm/package/indy-vdr-shared/files/1.0.0/package.json",
        "raw_link": "https://socketusercontent.com/blob/Q__C4gbsnDcVXNZ9_QyoCG1lBXK3VJw7xu29pl5p9NSc"
      }
    },
    "analysis_mode": "suspicious",
    "total_versions": 2
  },
  "package_url": "https://www.npmjs.com/package/indy-vdr-shared",
  "reprocessed": true,
  "original_issues": [
    "files_without_raw: 2/2"
  ]
}