{
  "ghsa_id": null,
  "summary": null,
  "package_name": "ing-feat-view-cancel-payments",
  "package_manager": "npm",
  "socket_data": {
    "package_name": "ing-feat-view-cancel-payments",
    "package_manager": "npm",
    "suspicious_versions": [
      "99.99.99",
      "9.99.99",
      "8.99.99",
      "7.99.99",
      "2.99.99",
      "1.99.99"
    ],
    "checked_versions": [
      "99.99.99",
      "9.99.99",
      "8.99.99",
      "7.99.99",
      "2.99.99",
      "1.99.99"
    ],
    "repository_structure": {
      "index.js": {
        "type": "file",
        "link": "/npm/package/ing-feat-view-cancel-payments/files/99.99.99/index.js",
        "raw_link": null
      },
      "package.json": {
        "type": "file",
        "link": "/npm/package/ing-feat-view-cancel-payments/files/99.99.99/package.json",
        "raw_link": "https://socketusercontent.com/blob/Q4lYzpJEepGpNVthz-T4vuC1QHJmDsuhEUZVHG48HLTY"
      },
      "README.md": {
        "type": "file",
        "link": "/npm/package/ing-feat-view-cancel-payments/files/99.99.99/README.md",
        "raw_link": null
      }
    },
    "analysis_mode": "suspicious",
    "total_versions": 7
  },
  "package_url": "https://www.npmjs.com/package/ing-feat-view-cancel-payments",
  "reprocessed": true,
  "original_issues": [
    "files_without_raw: 3/3"
  ]
}