{
  "ghsa_id": "GHSA-rjmg-cr38-ccm8",
  "summary": "Malware in ing-feat-grants-management",
  "package_name": "ing-feat-grants-management",
  "package_manager": "npm",
  "socket_data": {
    "package_name": "ing-feat-grants-management",
    "package_manager": "npm",
    "suspicious_versions": [
      "999.100.1",
      "999.99.9"
    ],
    "checked_versions": [
      "999.100.1",
      "999.99.9"
    ],
    "repository_structure": {
      "package.json": {
        "type": "file",
        "link": "/npm/package/ing-feat-grants-management/files/999.100.1/package.json",
        "raw_link": "https://socketusercontent.com/blob/Qxc6SV7Bqj5ZHunk9xAungSj6dccRskfdbnSGgSzYif0"
      }
    },
    "analysis_mode": "suspicious",
    "total_versions": 3
  },
  "package_url": "https://www.npmjs.com/package/ing-feat-grants-management"
}