{
  "ghsa_id": null,
  "summary": null,
  "package_name": "intercom-react-native-example",
  "package_manager": "npm",
  "socket_data": {
    "package_name": "intercom-react-native-example",
    "package_manager": "npm",
    "suspicious_versions": [
      "99.9.9"
    ],
    "checked_versions": [
      "99.9.9"
    ],
    "repository_structure": {
      "index.js": {
        "type": "file",
        "link": "/npm/package/intercom-react-native-example/files/99.9.9/index.js",
        "raw_link": "https://socketusercontent.com/blob/Q4c65tAiaQGEdyRSzC3SINtCmuep9frOsIPeeTRi23mo"
      },
      "package.json": {
        "type": "file",
        "link": "/npm/package/intercom-react-native-example/files/99.9.9/package.json",
        "raw_link": "https://socketusercontent.com/blob/QjKcF_G6cdwYlZkp59PZTZQDRgiAIxk3EgBbaDSBk4wg"
      }
    },
    "analysis_mode": "suspicious",
    "total_versions": 2
  },
  "package_url": "https://www.npmjs.com/package/intercom-react-native-example",
  "reprocessed": true,
  "original_issues": [
    "files_without_raw: 1/2"
  ]
}