{
  "ghsa_id": null,
  "summary": null,
  "package_name": "internallib_v678",
  "package_manager": "npm",
  "socket_data": {
    "package_name": "internallib_v678",
    "package_manager": "npm",
    "suspicious_versions": [
      "1.0.1"
    ],
    "checked_versions": [
      "1.0.1"
    ],
    "repository_structure": {
      "index.js": {
        "type": "file",
        "link": "/npm/package/internallib_v678/files/1.0.1/index.js",
        "raw_link": null
      },
      "package.json": {
        "type": "file",
        "link": "/npm/package/internallib_v678/files/1.0.1/package.json",
        "raw_link": "https://socketusercontent.com/blob/QZFEZquxrUn2OLLLz3C7KZB_Y7ba7GgR7h44HKQLG8NM"
      }
    },
    "analysis_mode": "suspicious",
    "total_versions": 2
  },
  "package_url": "https://www.npmjs.com/package/internallib_v678",
  "reprocessed": true,
  "original_issues": [
    "files_without_raw: 1/2"
  ]
}