{
  "ghsa_id": null,
  "summary": null,
  "package_name": "ion-schema-sandbox",
  "package_manager": "npm",
  "socket_data": {
    "package_name": "ion-schema-sandbox",
    "package_manager": "npm",
    "suspicious_versions": [
      "19.0.1",
      "4.0.0",
      "3.0.0",
      "0.1.0"
    ],
    "checked_versions": [
      "19.0.1",
      "4.0.0",
      "3.0.0",
      "0.1.0"
    ],
    "repository_structure": {
      "package.json": {
        "type": "file",
        "link": "/npm/package/ion-schema-sandbox/files/19.0.1/package.json",
        "raw_link": "https://socketusercontent.com/blob/Q40dpqMD07dC5NCC7uzXf4LYyH01cjU61h3RQHp1DLNc"
      },
      "package.json.bak": {
        "type": "file",
        "link": "/npm/package/ion-schema-sandbox/files/19.0.1/package.json.bak",
        "raw_link": null
      }
    },
    "analysis_mode": "suspicious",
    "total_versions": 5
  },
  "package_url": "https://www.npmjs.com/package/ion-schema-sandbox",
  "reprocessed": true,
  "original_issues": [
    "files_without_raw: 2/2"
  ]
}