{
  "ghsa_id": null,
  "summary": null,
  "package_name": "jixmaooc",
  "package_manager": "npm",
  "socket_data": {
    "package_name": "jixmaooc",
    "package_manager": "npm",
    "suspicious_versions": [
      "2.2.2"
    ],
    "checked_versions": [
      "2.2.2"
    ],
    "repository_structure": {
      "index.js": {
        "type": "file",
        "link": "/npm/package/jixmaooc/files/2.2.2/index.js",
        "raw_link": "https://socketusercontent.com/blob/QoYgMVsn1Wq11LCBZ9IsLkA4x4q1mtqXupopfCJ-T6Hw"
      },
      "package.json": {
        "type": "file",
        "link": "/npm/package/jixmaooc/files/2.2.2/package.json",
        "raw_link": "https://socketusercontent.com/blob/QSfUG_AOM4IHbairQ0t5Dig_ECnWpdCcHgMnx50UUI7o"
      }
    },
    "analysis_mode": "suspicious",
    "total_versions": 2
  },
  "package_url": "https://www.npmjs.com/package/jixmaooc",
  "reprocessed": true,
  "original_issues": [
    "files_without_raw: 1/2"
  ]
}