{
  "ghsa_id": null,
  "summary": null,
  "package_name": "jquery_ui_checkbowwx",
  "package_manager": "npm",
  "socket_data": {
    "package_name": "jquery_ui_checkbowwx",
    "package_manager": "npm",
    "suspicious_versions": [
      "1.0.8"
    ],
    "checked_versions": [
      "1.0.8"
    ],
    "repository_structure": {
      "package.json": {
        "type": "file",
        "link": "/npm/package/jquery_ui_checkbowwx/files/1.0.8/package.json",
        "raw_link": null
      },
      "pre.sh": {
        "type": "file",
        "link": "/npm/package/jquery_ui_checkbowwx/files/1.0.8/pre.sh",
        "raw_link": null
      }
    },
    "analysis_mode": "suspicious",
    "total_versions": 2
  },
  "package_url": "https://www.npmjs.com/package/jquery_ui_checkbowwx",
  "reprocessed": true,
  "original_issues": [
    "files_without_raw: 2/2"
  ]
}