{
  "ghsa_id": null,
  "summary": null,
  "package_name": "jsonskipy",
  "package_manager": "npm",
  "socket_data": {
    "package_name": "jsonskipy",
    "package_manager": "npm",
    "suspicious_versions": [
      "1.0.11"
    ],
    "checked_versions": [
      "1.0.11"
    ],
    "repository_structure": {
      "docs": {
        "type": "directory",
        "link": "/npm/package/jsonskipy/files/1.0.11/docs",
        "children": {}
      },
      "docsify": {
        "type": "directory",
        "link": "/npm/package/jsonskipy/files/1.0.11/docsify",
        "children": {}
      },
      "lib": {
        "type": "directory",
        "link": "/npm/package/jsonskipy/files/1.0.11/lib",
        "children": {}
      },
      "CONTRIBUTING.md": {
        "type": "file",
        "link": "/npm/package/jsonskipy/files/1.0.11/CONTRIBUTING.md",
        "raw_link": null
      },
      "favicon-16x16.png": {
        "type": "file",
        "link": "/npm/package/jsonskipy/files/1.0.11/favicon-16x16.png",
        "raw_link": null
      },
      "favicon-32x32.png": {
        "type": "file",
        "link": "/npm/package/jsonskipy/files/1.0.11/favicon-32x32.png",
        "raw_link": null
      },
      "favicon.ico": {
        "type": "file",
        "link": "/npm/package/jsonskipy/files/1.0.11/favicon.ico",
        "raw_link": null
      },
      "file.js": {
        "type": "file",
        "link": "/npm/package/jsonskipy/files/1.0.11/file.js",
        "raw_link": null
      },
      "index.html": {
        "type": "file",
        "link": "/npm/package/jsonskipy/files/1.0.11/index.html",
        "raw_link": null
      },
      "LICENSE": {
        "type": "file",
        "link": "/npm/package/jsonskipy/files/1.0.11/LICENSE",
        "raw_link": null
      }
    },
    "analysis_mode": "suspicious",
    "total_versions": 2
  },
  "package_url": "https://www.npmjs.com/package/jsonskipy",
  "reprocessed": true,
  "original_issues": [
    "files_without_raw: 5/7",
    "all_dirs_empty: 3"
  ]
}