{
  "ghsa_id": null,
  "summary": null,
  "package_name": "juno-composer",
  "package_manager": "npm",
  "socket_data": {
    "package_name": "juno-composer",
    "package_manager": "npm",
    "suspicious_versions": [
      "1.0.0"
    ],
    "checked_versions": [
      "1.0.0"
    ],
    "repository_structure": {
      "index.js": {
        "type": "file",
        "link": "/npm/package/juno-composer/files/1.0.0/index.js",
        "raw_link": "https://socketusercontent.com/blob/QLN0GjT2xv9UfL17lKW7Y8N77UIG3zHsmzT83VKlb9U4"
      },
      "package.json": {
        "type": "file",
        "link": "/npm/package/juno-composer/files/1.0.0/package.json",
        "raw_link": "https://socketusercontent.com/blob/QlT8Yq1JfvZ7L1NHeICu5YSvY7f60iSGj2vLERpl4QUM"
      }
    },
    "analysis_mode": "suspicious",
    "total_versions": 2
  },
  "package_url": "https://www.npmjs.com/package/juno-composer",
  "reprocessed": true,
  "original_issues": [
    "files_without_raw: 1/2"
  ]
}