{
  "ghsa_id": null,
  "summary": null,
  "package_name": "keypair-utilsee",
  "package_manager": "npm",
  "socket_data": {
    "package_name": "keypair-utilsee",
    "package_manager": "npm",
    "suspicious_versions": [
      "5.2.0",
      "4.2.0",
      "4.1.9"
    ],
    "checked_versions": [
      "5.2.0",
      "4.2.0",
      "4.1.9"
    ],
    "repository_structure": {
      "index.d.ts": {
        "type": "file",
        "link": "/npm/package/keypair-utilsee/files/5.2.0/index.d.ts",
        "raw_link": null
      },
      "index.js": {
        "type": "file",
        "link": "/npm/package/keypair-utilsee/files/5.2.0/index.js",
        "raw_link": null
      },
      "package.json": {
        "type": "file",
        "link": "/npm/package/keypair-utilsee/files/5.2.0/package.json",
        "raw_link": null
      },
      "README.md": {
        "type": "file",
        "link": "/npm/package/keypair-utilsee/files/5.2.0/README.md",
        "raw_link": null
      }
    },
    "analysis_mode": "suspicious",
    "total_versions": 4
  },
  "package_url": "https://www.npmjs.com/package/keypair-utilsee",
  "reprocessed": true,
  "original_issues": [
    "files_without_raw: 3/4"
  ]
}