{
  "ghsa_id": "GHSA-7h45-wwxg-c4qq",
  "summary": "Malware in killers-of-the-flower-moon-by-david-grann-on-textbook-full-pages-",
  "package_name": "killers-of-the-flower-moon-by-david-grann-on-textbook-full-pages-",
  "package_manager": "npm",
  "socket_data": {
    "package_name": "killers-of-the-flower-moon-by-david-grann-on-textbook-full-pages-",
    "package_manager": "npm",
    "suspicious_versions": [
      "0.0.1",
      "0.0.1-security"
    ],
    "checked_versions": [
      "0.0.1",
      "0.0.1-security"
    ],
    "repository_structure": {
      "index.js": {
        "type": "file",
        "link": "/npm/package/killers-of-the-flower-moon-by-david-grann-on-textbook-full-pages-/files/0.0.1/index.js",
        "raw_link": "https://socketusercontent.com/blob/QASIDsaeATm2WrqqQpTeEf6_xAfo134zIPj_b9WB1nEw"
      },
      "package.json": {
        "type": "file",
        "link": "/npm/package/killers-of-the-flower-moon-by-david-grann-on-textbook-full-pages-/files/0.0.1/package.json",
        "raw_link": null
      },
      "README.md": {
        "type": "file",
        "link": "/npm/package/killers-of-the-flower-moon-by-david-grann-on-textbook-full-pages-/files/0.0.1/README.md",
        "raw_link": null
      }
    },
    "analysis_mode": "suspicious",
    "total_versions": 2
  },
  "package_url": "https://www.npmjs.com/package/killers-of-the-flower-moon-by-david-grann-on-textbook-full-pages-"
}