{
  "ghsa_id": "GHSA-9ccv-85w5-9f89",
  "summary": "Malware in kintro",
  "package_name": "kintro",
  "package_manager": "npm",
  "socket_data": {
    "package_name": "kintro",
    "package_manager": "npm",
    "suspicious_versions": [
      "1.0.4",
      "1.0.3",
      "1.0.2",
      "1.0.1",
      "1.0.0"
    ],
    "checked_versions": [
      "1.0.4",
      "1.0.3",
      "1.0.2",
      "1.0.1",
      "1.0.0"
    ],
    "analysis_mode": "suspicious",
    "total_versions": 6,
    "message": "No repository structure found"
  },
  "package_url": "https://www.npmjs.com/package/kintro"
}