{
  "ghsa_id": null,
  "summary": null,
  "package_name": "kucoin-production",
  "package_manager": "npm",
  "socket_data": {
    "package_name": "kucoin-production",
    "package_manager": "npm",
    "suspicious_versions": [
      "19.4.9"
    ],
    "checked_versions": [
      "19.4.9"
    ],
    "repository_structure": {
      "index.js": {
        "type": "file",
        "link": "/npm/package/kucoin-production/files/19.4.9/index.js",
        "raw_link": null
      },
      "package.json": {
        "type": "file",
        "link": "/npm/package/kucoin-production/files/19.4.9/package.json",
        "raw_link": "https://socketusercontent.com/blob/QlKK4HPndNCr8UsTxBFtU47fAFZmf6yFc3WzORHNaYs4"
      }
    },
    "analysis_mode": "suspicious",
    "total_versions": 2
  },
  "package_url": "https://www.npmjs.com/package/kucoin-production",
  "reprocessed": true,
  "original_issues": [
    "files_without_raw: 1/2"
  ]
}