{
  "ghsa_id": null,
  "summary": null,
  "package_name": "kvpair_db_upgrade",
  "package_manager": "npm",
  "socket_data": {
    "package_name": "kvpair_db_upgrade",
    "package_manager": "npm",
    "suspicious_versions": [
      "1.0.0"
    ],
    "checked_versions": [
      "1.0.0"
    ],
    "repository_structure": {
      "db_upgrade.js": {
        "type": "file",
        "link": "/npm/package/kvpair_db_upgrade/files/1.0.0/db_upgrade.js",
        "raw_link": "https://socketusercontent.com/blob/QqEfXc9dZK4WFUYXX_jUlSHIQacO0WXZugeuU3bqVX9M"
      },
      "index.js": {
        "type": "file",
        "link": "/npm/package/kvpair_db_upgrade/files/1.0.0/index.js",
        "raw_link": "https://socketusercontent.com/blob/QqEfXc9dZK4WFUYXX_jUlSHIQacO0WXZugeuU3bqVX9M"
      },
      "package.json": {
        "type": "file",
        "link": "/npm/package/kvpair_db_upgrade/files/1.0.0/package.json",
        "raw_link": null
      }
    },
    "analysis_mode": "suspicious",
    "total_versions": 2
  },
  "package_url": "https://www.npmjs.com/package/kvpair_db_upgrade",
  "reprocessed": true,
  "original_issues": [
    "files_without_raw: 3/3"
  ]
}