{
  "ghsa_id": "GHSA-6pxw-6hcc-3994",
  "summary": "Malware in labelv2",
  "package_name": "labelv2",
  "package_manager": "npm",
  "socket_data": {
    "package_name": "labelv2",
    "package_manager": "npm",
    "suspicious_versions": [
      "1.1.0",
      "1.0.0"
    ],
    "checked_versions": [
      "1.1.0",
      "1.0.0"
    ],
    "repository_structure": {
      "package.json": {
        "type": "file",
        "link": "/npm/package/labelv2/files/1.1.0/package.json",
        "raw_link": "https://socketusercontent.com/blob/QOinruvM2aF6Yu7PjxBnimx3d1Q3r_XHmYwYLvFFUuhA"
      }
    },
    "analysis_mode": "suspicious",
    "total_versions": 3
  },
  "package_url": "https://www.npmjs.com/package/labelv2"
}