{
  "ghsa_id": null,
  "summary": null,
  "package_name": "latest-update-rules-of-survival-h-a-c-k-esp-antenna-wallh-a-c-k-undetected-4c599m",
  "package_manager": "npm",
  "socket_data": {
    "package_name": "latest-update-rules-of-survival-h-a-c-k-esp-antenna-wallh-a-c-k-undetected-4c599m",
    "package_manager": "npm",
    "suspicious_versions": [
      "1.0.7"
    ],
    "checked_versions": [
      "1.0.7"
    ],
    "repository_structure": {
      "package.json": {
        "type": "file",
        "link": "/npm/package/latest-update-rules-of-survival-h-a-c-k-esp-antenna-wallh-a-c-k-undetected-4c599m/files/1.0.7/package.json",
        "raw_link": "https://socketusercontent.com/blob/QiAfouTMTw8mIXt-IrCoxJLoIK17svZlDDciARltY7e8"
      },
      "readme.md": {
        "type": "file",
        "link": "/npm/package/latest-update-rules-of-survival-h-a-c-k-esp-antenna-wallh-a-c-k-undetected-4c599m/files/1.0.7/readme.md",
        "raw_link": "https://socketusercontent.com/blob/QgOOhFgNqBgV7lpLV3URG0s1LMmwEDT5yN1OkQCSYnto"
      }
    },
    "analysis_mode": "suspicious",
    "total_versions": 2
  },
  "package_url": "https://www.npmjs.com/package/latest-update-rules-of-survival-h-a-c-k-esp-antenna-wallh-a-c-k-undetected-4c599m",
  "reprocessed": true,
  "original_issues": [
    "files_without_raw: 2/2"
  ]
}