{
  "ghsa_id": null,
  "summary": null,
  "package_name": "legacy_fbid",
  "package_manager": "npm",
  "socket_data": {
    "package_name": "legacy_fbid",
    "package_manager": "npm",
    "suspicious_versions": [
      "9.0.0"
    ],
    "checked_versions": [
      "9.0.0"
    ],
    "repository_structure": {
      "package.json": {
        "type": "file",
        "link": "/npm/package/legacy_fbid/files/9.0.0/package.json",
        "raw_link": "https://socketusercontent.com/blob/Qhj4FnVbtqwaBiMD6xGsSGveoahxNiGc43rYX7wH9taA"
      }
    },
    "analysis_mode": "suspicious",
    "total_versions": 2
  },
  "package_url": "https://www.npmjs.com/package/legacy_fbid",
  "reprocessed": true,
  "original_issues": [
    "files_without_raw: 1/1"
  ]
}