{
  "ghsa_id": null,
  "summary": null,
  "package_name": "lichess-org",
  "package_manager": "npm",
  "socket_data": {
    "package_name": "lichess-org",
    "package_manager": "npm",
    "suspicious_versions": [
      "1.0.0"
    ],
    "checked_versions": [
      "1.0.0"
    ],
    "repository_structure": {
      "404.txt": {
        "type": "file",
        "link": "/npm/package/lichess-org/files/1.0.0/404.txt",
        "raw_link": null
      },
      "package.json": {
        "type": "file",
        "link": "/npm/package/lichess-org/files/1.0.0/package.json",
        "raw_link": null
      }
    },
    "analysis_mode": "suspicious",
    "total_versions": 2
  },
  "package_url": "https://www.npmjs.com/package/lichess-org",
  "reprocessed": true,
  "original_issues": [
    "files_without_raw: 1/2"
  ]
}