{
  "ghsa_id": null,
  "summary": null,
  "package_name": "llvm-vs-code-extensions.vscode-clangd",
  "package_manager": "npm",
  "socket_data": {
    "package_name": "llvm-vs-code-extensions.vscode-clangd",
    "package_manager": "npm",
    "suspicious_versions": [
      "9.9.9"
    ],
    "checked_versions": [
      "9.9.9"
    ],
    "repository_structure": {
      "index.js": {
        "type": "file",
        "link": "/npm/package/llvm-vs-code-extensions.vscode-clangd/files/9.9.9/index.js",
        "raw_link": "https://socketusercontent.com/blob/QITE46DcylcjvY73Bsm-dOweMNw3cP02FnERg6XnY9jU"
      },
      "package.json": {
        "type": "file",
        "link": "/npm/package/llvm-vs-code-extensions.vscode-clangd/files/9.9.9/package.json",
        "raw_link": null
      }
    },
    "analysis_mode": "suspicious",
    "total_versions": 2
  },
  "package_url": "https://www.npmjs.com/package/llvm-vs-code-extensions.vscode-clangd",
  "reprocessed": true,
  "original_issues": [
    "files_without_raw: 2/2"
  ]
}