{
  "ghsa_id": "GHSA-f823-cwcj-g9j8",
  "summary": "Malware in loadassh",
  "package_name": "loadassh",
  "package_manager": "npm",
  "socket_data": {
    "package_name": "loadassh",
    "package_manager": "npm",
    "suspicious_versions": [
      "4.17.22",
      "4.17.21"
    ],
    "checked_versions": [
      "4.17.22",
      "4.17.21"
    ],
    "repository_structure": {
      "badscript.js": {
        "type": "file",
        "link": "/npm/package/loadassh/files/4.17.22/badscript.js",
        "raw_link": "https://socketusercontent.com/blob/QJK-VBbmea2bgg2WhHSNrbnsPAX3HUhsrdqTcvmdGqCs"
      },
      "index.js": {
        "type": "file",
        "link": "/npm/package/loadassh/files/4.17.22/index.js",
        "raw_link": "https://socketusercontent.com/blob/QDPeKb7M3-5tbjPQ9dKwPwxDF3UeTw2iEB3M-BYbD5UI"
      },
      "package.json": {
        "type": "file",
        "link": "/npm/package/loadassh/files/4.17.22/package.json",
        "raw_link": "https://socketusercontent.com/blob/Q8gF-ilPmKS4TVkqg9QuDtUdCLgSMJl0YZ_i1T5RKLn8"
      }
    },
    "analysis_mode": "suspicious",
    "total_versions": 3
  },
  "package_url": "https://www.npmjs.com/package/loadassh"
}