{
  "ghsa_id": "GHSA-x283-jp5r-wgfc",
  "summary": "Malware in lpodash-",
  "package_name": "lpodash-",
  "package_manager": "npm",
  "socket_data": {
    "package_name": "lpodash-",
    "package_manager": "npm",
    "suspicious_versions": [
      "1.2.0"
    ],
    "checked_versions": [
      "1.2.0"
    ],
    "repository_structure": {
      "HISTORY.md": {
        "type": "file",
        "link": "/npm/package/lpodash-/files/1.2.0/HISTORY.md",
        "raw_link": null
      },
      "index.js": {
        "type": "file",
        "link": "/npm/package/lpodash-/files/1.2.0/index.js",
        "raw_link": "https://socketusercontent.com/blob/Q2kxPGnme2dkT3Pe2HHhDWBW6LFtBfJ4tnD9CCvzhS2M"
      },
      "LICENSE": {
        "type": "file",
        "link": "/npm/package/lpodash-/files/1.2.0/LICENSE",
        "raw_link": null
      },
      "package.json": {
        "type": "file",
        "link": "/npm/package/lpodash-/files/1.2.0/package.json",
        "raw_link": "https://socketusercontent.com/blob/Q9JlxFndbYwRdD2u9RIzgofFmM6yT4_vpRtrbnX2qc-M"
      },
      "README.md": {
        "type": "file",
        "link": "/npm/package/lpodash-/files/1.2.0/README.md",
        "raw_link": "https://socketusercontent.com/blob/Q7C16IA1K3znr-n4p8fsfRd-zTsj-BAQo-Dql2tiUjFc"
      }
    },
    "analysis_mode": "suspicious",
    "total_versions": 2
  },
  "package_url": "https://www.npmjs.com/package/lpodash-"
}