{
  "ghsa_id": null,
  "summary": null,
  "package_name": "maintainancewebsite",
  "package_manager": "npm",
  "socket_data": {
    "package_name": "maintainancewebsite",
    "package_manager": "npm",
    "suspicious_versions": [
      "1.0.4",
      "1.0.3",
      "1.0.2",
      "1.0.1"
    ],
    "checked_versions": [
      "1.0.4",
      "1.0.3",
      "1.0.2",
      "1.0.1"
    ],
    "repository_structure": {
      "index.html": {
        "type": "file",
        "link": "/npm/package/maintainancewebsite/files/1.0.4/index.html",
        "raw_link": null
      },
      "package.json": {
        "type": "file",
        "link": "/npm/package/maintainancewebsite/files/1.0.4/package.json",
        "raw_link": "https://socketusercontent.com/blob/QGskMilwed3mxNtvJfhxXWjzk-Dovd0DLW2LwsrFyXiA"
      },
      "readme.md": {
        "type": "file",
        "link": "/npm/package/maintainancewebsite/files/1.0.4/readme.md",
        "raw_link": "https://socketusercontent.com/blob/QnTYJMm2pZFuhVMMXP2oI_9j3mjnon2wbY8WEazt0bwk"
      }
    },
    "analysis_mode": "suspicious",
    "total_versions": 4
  },
  "package_url": "https://www.npmjs.com/package/maintainancewebsite",
  "reprocessed": true,
  "original_issues": [
    "files_without_raw: 1/3"
  ]
}