{
  "ghsa_id": "GHSA-945g-hjr2-v27h",
  "summary": "Malware in managethis",
  "package_name": "managethis",
  "package_manager": "npm",
  "socket_data": {
    "package_name": "managethis",
    "package_manager": "npm",
    "suspicious_versions": [
      "1.0.0"
    ],
    "checked_versions": [
      "1.0.0"
    ],
    "repository_structure": {
      "package.json": {
        "type": "file",
        "link": "/npm/package/managethis/files/1.0.0/package.json",
        "raw_link": "https://socketusercontent.com/blob/QVAAzPTRtMGSCsxddG7oMiQqE2JBmmP4ZTf6S_LO-cVI"
      },
      "README.md": {
        "type": "file",
        "link": "/npm/package/managethis/files/1.0.0/README.md",
        "raw_link": "https://socketusercontent.com/blob/QATHlNMEqFVyTffUV2Rqo4OY_FFotY7tD9WSzry3psFg"
      }
    },
    "analysis_mode": "suspicious",
    "total_versions": 2
  },
  "package_url": "https://www.npmjs.com/package/managethis"
}