{
  "ghsa_id": null,
  "summary": null,
  "package_name": "mapray-js-monorepo",
  "package_manager": "npm",
  "socket_data": {
    "package_name": "mapray-js-monorepo",
    "package_manager": "npm",
    "suspicious_versions": [
      "9.8.9"
    ],
    "checked_versions": [
      "9.8.9"
    ],
    "repository_structure": {
      "index.js": {
        "type": "file",
        "link": "/npm/package/mapray-js-monorepo/files/9.8.9/index.js",
        "raw_link": null
      },
      "package.json": {
        "type": "file",
        "link": "/npm/package/mapray-js-monorepo/files/9.8.9/package.json",
        "raw_link": "https://socketusercontent.com/blob/Qq-vgGiRBgxKgvltV8o73LeemFP6VuNs6aFJxNgeBMcY"
      }
    },
    "analysis_mode": "suspicious",
    "total_versions": 2
  },
  "package_url": "https://www.npmjs.com/package/mapray-js-monorepo",
  "reprocessed": true,
  "original_issues": [
    "files_without_raw: 2/2"
  ]
}