{
  "ghsa_id": null,
  "summary": null,
  "package_name": "markedjs",
  "package_manager": "npm",
  "socket_data": {
    "package_name": "markedjs",
    "package_manager": "npm",
    "suspicious_versions": [
      "3.0.4"
    ],
    "checked_versions": [
      "3.0.4"
    ],
    "repository_structure": {
      "bin": {
        "type": "directory",
        "link": "/npm/package/markedjs/files/3.0.4/bin",
        "children": {}
      },
      "lib": {
        "type": "directory",
        "link": "/npm/package/markedjs/files/3.0.4/lib",
        "children": {}
      },
      "man": {
        "type": "directory",
        "link": "/npm/package/markedjs/files/3.0.4/man",
        "children": {}
      },
      "src": {
        "type": "directory",
        "link": "/npm/package/markedjs/files/3.0.4/src",
        "children": {}
      },
      "LICENSE.md": {
        "type": "file",
        "link": "/npm/package/markedjs/files/3.0.4/LICENSE.md",
        "raw_link": null
      },
      "marked.min.js": {
        "type": "file",
        "link": "/npm/package/markedjs/files/3.0.4/marked.min.js",
        "raw_link": null
      },
      "package.json": {
        "type": "file",
        "link": "/npm/package/markedjs/files/3.0.4/package.json",
        "raw_link": null
      },
      "README.md": {
        "type": "file",
        "link": "/npm/package/markedjs/files/3.0.4/README.md",
        "raw_link": null
      }
    },
    "analysis_mode": "suspicious",
    "total_versions": 2
  },
  "package_url": "https://www.npmjs.com/package/markedjs",
  "reprocessed": true,
  "original_issues": [
    "files_without_raw: 2/4",
    "all_dirs_empty: 4"
  ]
}