{
  "ghsa_id": null,
  "summary": null,
  "package_name": "master-vanthinh",
  "package_manager": "npm",
  "socket_data": {
    "package_name": "master-vanthinh",
    "package_manager": "npm",
    "suspicious_versions": [
      "1.8.0"
    ],
    "checked_versions": [
      "1.8.0"
    ],
    "repository_structure": {
      ".cache": {
        "type": "directory",
        "link": "/npm/package/master-vanthinh/files/1.8.0/.cache",
        "children": {}
      },
      ".config": {
        "type": "directory",
        "link": "/npm/package/master-vanthinh/files/1.8.0/.config",
        "children": {}
      },
      ".upm": {
        "type": "directory",
        "link": "/npm/package/master-vanthinh/files/1.8.0/.upm",
        "children": {}
      },
      "src": {
        "type": "directory",
        "link": "/npm/package/master-vanthinh/files/1.8.0/src",
        "children": {}
      },
      "test": {
        "type": "directory",
        "link": "/npm/package/master-vanthinh/files/1.8.0/test",
        "children": {}
      },
      ".replit": {
        "type": "file",
        "link": "/npm/package/master-vanthinh/files/1.8.0/.replit",
        "raw_link": null
      },
      ".travis.yml": {
        "type": "file",
        "link": "/npm/package/master-vanthinh/files/1.8.0/.travis.yml",
        "raw_link": null
      },
      "CHANGELOG.md": {
        "type": "file",
        "link": "/npm/package/master-vanthinh/files/1.8.0/CHANGELOG.md",
        "raw_link": "https://socketusercontent.com/blob/QqVEa-ekRJvv6m0zaA6NnSpMbldvf-pLcnJyYaMBjJ2A"
      },
      "DOCS.md": {
        "type": "file",
        "link": "/npm/package/master-vanthinh/files/1.8.0/DOCS.md",
        "raw_link": "https://socketusercontent.com/blob/QL1-bMD2cfprbyC6jL1wJEc1SxLVB5xnuF6ds28o31eI"
      },
      "index.js": {
        "type": "file",
        "link": "/npm/package/master-vanthinh/files/1.8.0/index.js",
        "raw_link": null
      }
    },
    "analysis_mode": "suspicious",
    "total_versions": 2
  },
  "package_url": "https://www.npmjs.com/package/master-vanthinh",
  "reprocessed": true,
  "original_issues": [
    "files_without_raw: 4/5",
    "all_dirs_empty: 5"
  ]
}