{
  "ghsa_id": null,
  "summary": null,
  "package_name": "maven-dependency-submission-action",
  "package_manager": "npm",
  "socket_data": {
    "package_name": "maven-dependency-submission-action",
    "package_manager": "npm",
    "suspicious_versions": [
      "4.3.1",
      "4.3.0"
    ],
    "checked_versions": [
      "4.3.1",
      "4.3.0"
    ],
    "repository_structure": {
      "package.json": {
        "type": "file",
        "link": "/npm/package/maven-dependency-submission-action/files/4.3.1/package.json",
        "raw_link": null
      }
    },
    "analysis_mode": "suspicious",
    "total_versions": 3
  },
  "package_url": "https://www.npmjs.com/package/maven-dependency-submission-action",
  "reprocessed": true,
  "original_issues": [
    "files_without_raw: 1/1"
  ]
}