{
  "ghsa_id": null,
  "summary": null,
  "package_name": "mbed-connector",
  "package_manager": "npm",
  "socket_data": {
    "package_name": "mbed-connector",
    "package_manager": "npm",
    "suspicious_versions": [
      "1.2.2"
    ],
    "checked_versions": [
      "1.2.2"
    ],
    "repository_structure": {
      "index.js": {
        "type": "file",
        "link": "/npm/package/mbed-connector/files/1.2.2/index.js",
        "raw_link": null
      },
      "package.json": {
        "type": "file",
        "link": "/npm/package/mbed-connector/files/1.2.2/package.json",
        "raw_link": "https://socketusercontent.com/blob/QWnKauiigwv--fs4fyX4q21nrgbna_0YikA0waUxGCaY"
      },
      "README.md": {
        "type": "file",
        "link": "/npm/package/mbed-connector/files/1.2.2/README.md",
        "raw_link": "https://socketusercontent.com/blob/QgBGUVpXovH_TGMzhcZOaEjJPKguZxLMd_ObhhCiUon4"
      }
    },
    "analysis_mode": "suspicious",
    "total_versions": 2
  },
  "package_url": "https://www.npmjs.com/package/mbed-connector",
  "reprocessed": true,
  "original_issues": [
    "files_without_raw: 2/3"
  ]
}