{
  "ghsa_id": "GHSA-38xc-cxh8-4wf4",
  "summary": "Malware in megamanz07007",
  "package_name": "megamanz07007",
  "package_manager": "npm",
  "socket_data": {
    "package_name": "megamanz07007",
    "package_manager": "npm",
    "suspicious_versions": [
      "1.0.0"
    ],
    "checked_versions": [
      "1.0.0"
    ],
    "repository_structure": {
      "package.json": {
        "type": "file",
        "link": "/npm/package/megamanz07007/files/1.0.0/package.json",
        "raw_link": "https://socketusercontent.com/blob/QWcvglID__Kwtn4G4z99cBp6N-HirfITnG9bLk3nqfWk"
      }
    },
    "analysis_mode": "suspicious",
    "total_versions": 2
  },
  "package_url": "https://www.npmjs.com/package/megamanz07007"
}