{
  "ghsa_id": null,
  "summary": null,
  "package_name": "melichat-sdk",
  "package_manager": "npm",
  "socket_data": {
    "package_name": "melichat-sdk",
    "package_manager": "npm",
    "suspicious_versions": [
      "1.0.1"
    ],
    "checked_versions": [
      "1.0.1"
    ],
    "repository_structure": {
      "index.js": {
        "type": "file",
        "link": "/npm/package/melichat-sdk/files/1.0.1/index.js",
        "raw_link": null
      },
      "package.json": {
        "type": "file",
        "link": "/npm/package/melichat-sdk/files/1.0.1/package.json",
        "raw_link": "https://socketusercontent.com/blob/QFZkBYcwWQB5_ri28cLR_egHuYn8x-KMDsL7AMzlusQ4"
      }
    },
    "analysis_mode": "suspicious",
    "total_versions": 2
  },
  "package_url": "https://www.npmjs.com/package/melichat-sdk",
  "reprocessed": true,
  "original_issues": [
    "files_without_raw: 2/2"
  ]
}