{
  "ghsa_id": null,
  "summary": null,
  "package_name": "mep-who",
  "package_manager": "npm",
  "socket_data": {
    "package_name": "mep-who",
    "package_manager": "npm",
    "suspicious_versions": [
      "3.12.3",
      "3.12.2",
      "0.0.1"
    ],
    "checked_versions": [
      "3.12.3",
      "3.12.2",
      "0.0.1"
    ],
    "repository_structure": {
      "index.js": {
        "type": "file",
        "link": "/npm/package/mep-who/files/3.12.3/index.js",
        "raw_link": null
      },
      "kk.js": {
        "type": "file",
        "link": "/npm/package/mep-who/files/3.12.3/kk.js",
        "raw_link": null
      },
      "package.json": {
        "type": "file",
        "link": "/npm/package/mep-who/files/3.12.3/package.json",
        "raw_link": "https://socketusercontent.com/blob/Qhef6wmbhva9Nbi0Eb7iC1ZlTjWpg1JilbE1C0BsPVT4"
      },
      "server.js": {
        "type": "file",
        "link": "/npm/package/mep-who/files/3.12.3/server.js",
        "raw_link": null
      }
    },
    "analysis_mode": "suspicious",
    "total_versions": 4
  },
  "package_url": "https://www.npmjs.com/package/mep-who",
  "reprocessed": true,
  "original_issues": [
    "files_without_raw: 3/4"
  ]
}