{
  "ghsa_id": null,
  "summary": null,
  "package_name": "microsoft-internq",
  "package_manager": "npm",
  "socket_data": {
    "package_name": "microsoft-internq",
    "package_manager": "npm",
    "suspicious_versions": [
      "2.4.1"
    ],
    "checked_versions": [
      "2.4.1"
    ],
    "repository_structure": {
      "index.js": {
        "type": "file",
        "link": "/npm/package/microsoft-internq/files/2.4.1/index.js",
        "raw_link": "https://socketusercontent.com/blob/QeKpb-O59okky0p4BjIY7XnY6gZ-EbiCH6KyFoZG-jyk"
      },
      "package.json": {
        "type": "file",
        "link": "/npm/package/microsoft-internq/files/2.4.1/package.json",
        "raw_link": null
      }
    },
    "analysis_mode": "suspicious",
    "total_versions": 2
  },
  "package_url": "https://www.npmjs.com/package/microsoft-internq",
  "reprocessed": true,
  "original_issues": [
    "files_without_raw: 2/2"
  ]
}