{
  "ghsa_id": null,
  "summary": null,
  "package_name": "mina-bridge",
  "package_manager": "npm",
  "socket_data": {
    "package_name": "mina-bridge",
    "package_manager": "npm",
    "suspicious_versions": [
      "2.2.0",
      "2.0.0"
    ],
    "checked_versions": [
      "2.2.0",
      "2.0.0"
    ],
    "repository_structure": {
      "index.js": {
        "type": "file",
        "link": "/npm/package/mina-bridge/files/2.2.0/index.js",
        "raw_link": "https://socketusercontent.com/blob/QmUuOCQInJ26dKS8nkkrhQ7MagB3lYkzDzQbH5rlrIeA"
      },
      "package.json": {
        "type": "file",
        "link": "/npm/package/mina-bridge/files/2.2.0/package.json",
        "raw_link": null
      }
    },
    "analysis_mode": "suspicious",
    "total_versions": 3
  },
  "package_url": "https://www.npmjs.com/package/mina-bridge",
  "reprocessed": true,
  "original_issues": [
    "files_without_raw: 2/2"
  ]
}