{
  "ghsa_id": "GHSA-mjr8-p748-v569",
  "summary": "Malware in monday-example-app-word-cloud",
  "package_name": "monday-example-app-word-cloud",
  "package_manager": "npm",
  "socket_data": {
    "package_name": "monday-example-app-word-cloud",
    "package_manager": "npm",
    "suspicious_versions": [
      "100.99.99"
    ],
    "checked_versions": [
      "100.99.99"
    ],
    "analysis_mode": "suspicious",
    "total_versions": 2,
    "message": "No repository structure found"
  },
  "package_url": "https://www.npmjs.com/package/monday-example-app-word-cloud"
}