{
  "ghsa_id": null,
  "summary": null,
  "package_name": "monorepo-release-cli",
  "package_manager": "npm",
  "socket_data": {
    "package_name": "monorepo-release-cli",
    "package_manager": "npm",
    "suspicious_versions": [
      "6.5.8",
      "0.0.0"
    ],
    "checked_versions": [
      "6.5.8",
      "0.0.0"
    ],
    "repository_structure": {
      "index.js": {
        "type": "file",
        "link": "/npm/package/monorepo-release-cli/files/6.5.8/index.js",
        "raw_link": null
      },
      "package.json": {
        "type": "file",
        "link": "/npm/package/monorepo-release-cli/files/6.5.8/package.json",
        "raw_link": "https://socketusercontent.com/blob/Q4dIxZaThsS1Epe7Lgt2r7Nnk5FDdDXpJ3gEG6XZV5ss"
      }
    },
    "analysis_mode": "suspicious",
    "total_versions": 3
  },
  "package_url": "https://www.npmjs.com/package/monorepo-release-cli",
  "reprocessed": true,
  "original_issues": [
    "files_without_raw: 1/2"
  ]
}