{
  "ghsa_id": null,
  "summary": null,
  "package_name": "n-messaging-client",
  "package_manager": "npm",
  "socket_data": {
    "package_name": "n-messaging-client",
    "package_manager": "npm",
    "suspicious_versions": [
      "99999.8.0",
      "99999.4.0",
      "99999.3.0",
      "99999.2.0",
      "99999.1.0",
      "500.1.0",
      "50.0.1",
      "1.999.3",
      "1.999.2",
      "1.999.1",
      "1.999.0"
    ],
    "checked_versions": [
      "99999.8.0",
      "99999.4.0",
      "99999.3.0",
      "99999.2.0",
      "99999.1.0",
      "500.1.0",
      "50.0.1",
      "1.999.3",
      "1.999.2",
      "1.999.1",
      "1.999.0"
    ],
    "repository_structure": {
      "adham.sh": {
        "type": "file",
        "link": "/npm/package/n-messaging-client/files/99999.8.0/adham.sh",
        "raw_link": "https://socketusercontent.com/blob/QmtmlKiab6C44Id1zL2UrSzritrvZKOXhZDEkMU8ImjY"
      },
      "package.json": {
        "type": "file",
        "link": "/npm/package/n-messaging-client/files/99999.8.0/package.json",
        "raw_link": null
      },
      "README.md": {
        "type": "file",
        "link": "/npm/package/n-messaging-client/files/99999.8.0/README.md",
        "raw_link": null
      }
    },
    "analysis_mode": "suspicious",
    "total_versions": 12
  },
  "package_url": "https://www.npmjs.com/package/n-messaging-client",
  "reprocessed": true,
  "original_issues": [
    "files_without_raw: 3/3"
  ]
}