{
  "ghsa_id": null,
  "summary": null,
  "package_name": "navigation-service",
  "package_manager": "npm",
  "socket_data": {
    "package_name": "navigation-service",
    "package_manager": "npm",
    "suspicious_versions": [
      "1.1.0",
      "1.0.0"
    ],
    "checked_versions": [
      "1.1.0",
      "1.0.0"
    ],
    "repository_structure": {
      "index.js": {
        "type": "file",
        "link": "/npm/package/navigation-service/files/1.1.0/index.js",
        "raw_link": null
      },
      "package.json": {
        "type": "file",
        "link": "/npm/package/navigation-service/files/1.1.0/package.json",
        "raw_link": null
      }
    },
    "analysis_mode": "suspicious",
    "total_versions": 3
  },
  "package_url": "https://www.npmjs.com/package/navigation-service",
  "reprocessed": true,
  "original_issues": [
    "files_without_raw: 1/2"
  ]
}