{
  "ghsa_id": null,
  "summary": null,
  "package_name": "ncftp",
  "package_manager": "npm",
  "socket_data": {
    "package_name": "ncftp",
    "package_manager": "npm",
    "suspicious_versions": [
      "1.0.0"
    ],
    "checked_versions": [
      "1.0.0"
    ],
    "repository_structure": {
      "src": {
        "type": "directory",
        "link": "/npm/package/ncftp/files/1.0.0/src",
        "children": {}
      },
      "LICENSE": {
        "type": "file",
        "link": "/npm/package/ncftp/files/1.0.0/LICENSE",
        "raw_link": "https://socketusercontent.com/blob/QHt_eurosmFX7tlPVYHXwGzQcyh9c2SLPD4PCbSLCiuA"
      },
      "package.json": {
        "type": "file",
        "link": "/npm/package/ncftp/files/1.0.0/package.json",
        "raw_link": null
      }
    },
    "analysis_mode": "suspicious",
    "total_versions": 2
  },
  "package_url": "https://www.npmjs.com/package/ncftp",
  "reprocessed": true,
  "original_issues": [
    "files_without_raw: 2/2",
    "all_dirs_empty: 1"
  ]
}