{
  "ghsa_id": "GHSA-jcp8-qcfj-h576",
  "summary": "Malware in noblox.js-discord",
  "package_name": "noblox.js-discord",
  "package_manager": "npm",
  "socket_data": {
    "package_name": "noblox.js-discord",
    "package_manager": "npm",
    "suspicious_versions": [
      "4.10.5"
    ],
    "checked_versions": [
      "4.10.5"
    ],
    "analysis_mode": "suspicious",
    "total_versions": 2,
    "message": "No repository structure found"
  },
  "package_url": "https://www.npmjs.com/package/noblox.js-discord"
}