{
  "ghsa_id": null,
  "summary": null,
  "package_name": "node-red-contrib-object-to-array",
  "package_manager": "npm",
  "socket_data": {
    "package_name": "node-red-contrib-object-to-array",
    "package_manager": "npm",
    "suspicious_versions": [
      "10.0.10"
    ],
    "checked_versions": [
      "10.0.10"
    ],
    "repository_structure": {
      "index.js": {
        "type": "file",
        "link": "/npm/package/node-red-contrib-object-to-array/files/10.0.10/index.js",
        "raw_link": null
      },
      "package.json": {
        "type": "file",
        "link": "/npm/package/node-red-contrib-object-to-array/files/10.0.10/package.json",
        "raw_link": null
      }
    },
    "analysis_mode": "suspicious",
    "total_versions": 2
  },
  "package_url": "https://www.npmjs.com/package/node-red-contrib-object-to-array",
  "reprocessed": true,
  "original_issues": [
    "files_without_raw: 1/2"
  ]
}