{
  "ghsa_id": "GHSA-4j4h-6ghm-hpg5",
  "summary": "Malware in nodyn",
  "package_name": "nodyn",
  "package_manager": "npm",
  "socket_data": {
    "package_name": "nodyn",
    "package_manager": "npm",
    "suspicious_versions": [
      "2.6.1",
      "2.6.0",
      "2.5.8",
      "2.5.7"
    ],
    "checked_versions": [
      "2.6.1",
      "2.6.0",
      "2.5.8",
      "2.5.7"
    ],
    "analysis_mode": "suspicious",
    "total_versions": 5,
    "message": "No repository structure found"
  },
  "package_url": "https://www.npmjs.com/package/nodyn"
}