{
  "ghsa_id": null,
  "summary": null,
  "package_name": "npm-webcomponent-murphysms1",
  "package_manager": "npm",
  "socket_data": {
    "package_name": "npm-webcomponent-murphysms1",
    "package_manager": "npm",
    "suspicious_versions": [
      "1.0.1"
    ],
    "checked_versions": [
      "1.0.1"
    ],
    "repository_structure": {
      "public": {
        "type": "directory",
        "link": "/npm/package/npm-webcomponent-murphysms1/files/1.0.1/public",
        "children": {}
      },
      "package.json": {
        "type": "file",
        "link": "/npm/package/npm-webcomponent-murphysms1/files/1.0.1/package.json",
        "raw_link": null
      }
    },
    "analysis_mode": "suspicious",
    "total_versions": 2
  },
  "package_url": "https://www.npmjs.com/package/npm-webcomponent-murphysms1",
  "reprocessed": true,
  "original_issues": [
    "files_without_raw: 1/1",
    "all_dirs_empty: 1"
  ]
}