{
  "ghsa_id": null,
  "summary": null,
  "package_name": "ns-nfactor",
  "package_manager": "npm",
  "socket_data": {
    "package_name": "ns-nfactor",
    "package_manager": "npm",
    "suspicious_versions": [
      "99.99.99",
      "1.0.0"
    ],
    "checked_versions": [
      "99.99.99",
      "1.0.0"
    ],
    "repository_structure": {
      "index.js": {
        "type": "file",
        "link": "/npm/package/ns-nfactor/files/99.99.99/index.js",
        "raw_link": "https://socketusercontent.com/blob/QJ_rvSOox7uNSumRdrA6M36SmIaZHBkyRP6Ym6U1UOhA"
      },
      "package.json": {
        "type": "file",
        "link": "/npm/package/ns-nfactor/files/99.99.99/package.json",
        "raw_link": "https://socketusercontent.com/blob/Q_Y7DUkV2Kjb5YtiG1BQJbLgMHq8RrCbFnUqLwEwUZAE"
      }
    },
    "analysis_mode": "suspicious",
    "total_versions": 3
  },
  "package_url": "https://www.npmjs.com/package/ns-nfactor",
  "reprocessed": true,
  "original_issues": [
    "files_without_raw: 2/2"
  ]
}