{
  "ghsa_id": null,
  "summary": null,
  "package_name": "ohwczbeuslaxvpmd",
  "package_manager": "npm",
  "socket_data": {
    "package_name": "ohwczbeuslaxvpmd",
    "package_manager": "npm",
    "suspicious_versions": [
      "0.1.91"
    ],
    "checked_versions": [
      "0.1.91"
    ],
    "repository_structure": {
      "public": {
        "type": "directory",
        "link": "/npm/package/ohwczbeuslaxvpmd/files/0.1.91/public",
        "children": {}
      },
      "server": {
        "type": "directory",
        "link": "/npm/package/ohwczbeuslaxvpmd/files/0.1.91/server",
        "children": {}
      },
      "package.json": {
        "type": "file",
        "link": "/npm/package/ohwczbeuslaxvpmd/files/0.1.91/package.json",
        "raw_link": "https://socketusercontent.com/blob/QxzGm5nKq_CsO3saw1vPlPxnhXVULe5XstrdsYptjuRA"
      }
    },
    "analysis_mode": "suspicious",
    "total_versions": 2
  },
  "package_url": "https://www.npmjs.com/package/ohwczbeuslaxvpmd",
  "reprocessed": true,
  "original_issues": [
    "all_dirs_empty: 2"
  ]
}