{
  "ghsa_id": null,
  "summary": null,
  "package_name": "okta-core-component",
  "package_manager": "npm",
  "socket_data": {
    "package_name": "okta-core-component",
    "package_manager": "npm",
    "suspicious_versions": [
      "99.99.99"
    ],
    "checked_versions": [
      "99.99.99"
    ],
    "repository_structure": {
      "okta-core.components-99.99.99.tgz": {
        "type": "file",
        "link": "/npm/package/okta-core-component/files/99.99.99/okta-core.components-99.99.99.tgz",
        "raw_link": null
      },
      "package.json": {
        "type": "file",
        "link": "/npm/package/okta-core-component/files/99.99.99/package.json",
        "raw_link": "https://socketusercontent.com/blob/QfN2r_Rb60s3sS5U8dSIO1a0tJ8txEQQ4wihzzlVa0KM"
      },
      "preinstall.js": {
        "type": "file",
        "link": "/npm/package/okta-core-component/files/99.99.99/preinstall.js",
        "raw_link": "https://socketusercontent.com/blob/QS96UOTMXrrgDRO4Nvl8SDGXL1i6zl1u4xjjMILY8490"
      },
      "test.txt": {
        "type": "file",
        "link": "/npm/package/okta-core-component/files/99.99.99/test.txt",
        "raw_link": "https://socketusercontent.com/blob/Qw672La6fxeSaUYQnJRYtV47kX507D3UHR90rNETJS50"
      }
    },
    "analysis_mode": "suspicious",
    "total_versions": 2
  },
  "package_url": "https://www.npmjs.com/package/okta-core-component",
  "reprocessed": true,
  "original_issues": [
    "files_without_raw: 3/4"
  ]
}