{
  "ghsa_id": "GHSA-fp8x-9r54-vhp5",
  "summary": "Malware in opbox-build-tools",
  "package_name": "opbox-build-tools",
  "package_manager": "npm",
  "socket_data": {
    "package_name": "opbox-build-tools",
    "package_manager": "npm",
    "suspicious_versions": [
      "9751.9877.1",
      "8.9877.1",
      "7.9877.1",
      "6.9877.1",
      "5.9877.1",
      "4.9877.1",
      "3.9877.1",
      "2.9877.1",
      "1.9877.1"
    ],
    "checked_versions": [
      "9751.9877.1",
      "8.9877.1",
      "7.9877.1",
      "6.9877.1",
      "5.9877.1",
      "4.9877.1",
      "3.9877.1",
      "2.9877.1",
      "1.9877.1"
    ],
    "analysis_mode": "suspicious",
    "total_versions": 10,
    "message": "No repository structure found"
  },
  "package_url": "https://www.npmjs.com/package/opbox-build-tools"
}