{
  "ghsa_id": "GHSA-hxcc-3jj2-qgv2",
  "summary": "Malware in opensource-marketplace",
  "package_name": "opensource-marketplace",
  "package_manager": "npm",
  "socket_data": {
    "package_name": "opensource-marketplace",
    "package_manager": "npm",
    "suspicious_versions": [
      "1.0.0"
    ],
    "checked_versions": [
      "1.0.0"
    ],
    "repository_structure": {
      "index.js": {
        "type": "file",
        "link": "/npm/package/opensource-marketplace/files/1.0.0/index.js",
        "raw_link": "https://socketusercontent.com/blob/QP9yZkgFYVzzwzXya8cDrdBwWTgvAqCq59auXpZQofcU"
      },
      "package.json": {
        "type": "file",
        "link": "/npm/package/opensource-marketplace/files/1.0.0/package.json",
        "raw_link": "https://socketusercontent.com/blob/Q8xy8TjpKd9XrNANH4mtcS8FDd7KQzbR-L_mDsE6-pIo"
      },
      "postinstall.js": {
        "type": "file",
        "link": "/npm/package/opensource-marketplace/files/1.0.0/postinstall.js",
        "raw_link": "https://socketusercontent.com/blob/QmR03kf3u6VS347pLBvtVrFSauD5DaTs59pM0y7PawRM"
      }
    },
    "analysis_mode": "suspicious",
    "total_versions": 2
  },
  "package_url": "https://www.npmjs.com/package/opensource-marketplace"
}