{
  "ghsa_id": "GHSA-hf99-6xgc-3vp6",
  "summary": "Malware in openzeppelinsolidty",
  "package_name": "openzeppelinsolidty",
  "package_manager": "npm",
  "socket_data": {
    "package_name": "openzeppelinsolidty",
    "package_manager": "npm",
    "suspicious_versions": [
      "3.4.2"
    ],
    "checked_versions": [
      "3.4.2"
    ],
    "analysis_mode": "suspicious",
    "total_versions": 2,
    "message": "No repository structure found"
  },
  "package_url": "https://www.npmjs.com/package/openzeppelinsolidty"
}