{
  "ghsa_id": null,
  "summary": null,
  "package_name": "orderly-web",
  "package_manager": "npm",
  "socket_data": {
    "package_name": "orderly-web",
    "package_manager": "npm",
    "suspicious_versions": [
      "1.0.0"
    ],
    "checked_versions": [
      "1.0.0"
    ],
    "repository_structure": {
      "package.json": {
        "type": "file",
        "link": "/npm/package/orderly-web/files/1.0.0/package.json",
        "raw_link": "https://socketusercontent.com/blob/Q_zb5en9moMuxW9eMsXC9dhrVVJky4ovqStSN8Z3GvAg"
      }
    },
    "analysis_mode": "suspicious",
    "total_versions": 2
  },
  "package_url": "https://www.npmjs.com/package/orderly-web",
  "reprocessed": true,
  "original_issues": [
    "files_without_raw: 1/1"
  ]
}