{
  "ghsa_id": null,
  "summary": null,
  "package_name": "owasp-aasvs-to-readthedocs",
  "package_manager": "npm",
  "socket_data": {
    "package_name": "owasp-aasvs-to-readthedocs",
    "package_manager": "npm",
    "suspicious_versions": [
      "1.0.0"
    ],
    "checked_versions": [
      "1.0.0"
    ],
    "repository_structure": {
      "index.js": {
        "type": "file",
        "link": "/npm/package/owasp-aasvs-to-readthedocs/files/1.0.0/index.js",
        "raw_link": null
      },
      "package.json": {
        "type": "file",
        "link": "/npm/package/owasp-aasvs-to-readthedocs/files/1.0.0/package.json",
        "raw_link": "https://socketusercontent.com/blob/QDTGvl5Jq0kUIYFNjEa4FBWdZNXYqq5ys9H1R4H63RDM"
      }
    },
    "analysis_mode": "suspicious",
    "total_versions": 1
  },
  "package_url": "https://www.npmjs.com/package/owasp-aasvs-to-readthedocs",
  "reprocessed": true,
  "original_issues": [
    "files_without_raw: 1/2"
  ]
}