{
  "ghsa_id": null,
  "summary": null,
  "package_name": "owncloud-ui",
  "package_manager": "npm",
  "socket_data": {
    "package_name": "owncloud-ui",
    "package_manager": "npm",
    "suspicious_versions": [
      "1.0.0"
    ],
    "checked_versions": [
      "1.0.0"
    ],
    "repository_structure": {
      "index.js": {
        "type": "file",
        "link": "/npm/package/owncloud-ui/files/1.0.0/index.js",
        "raw_link": "https://socketusercontent.com/blob/QW7n-qWl9rXQYPibDHPszfq-ueZihXMmRW0GblL-72R4"
      },
      "package.json": {
        "type": "file",
        "link": "/npm/package/owncloud-ui/files/1.0.0/package.json",
        "raw_link": "https://socketusercontent.com/blob/QzPTWTKgxJtvcEMOVyBLHuxdmkYgs7jc0ZzcSEYPZH5E"
      }
    },
    "analysis_mode": "suspicious",
    "total_versions": 2
  },
  "package_url": "https://www.npmjs.com/package/owncloud-ui",
  "reprocessed": true,
  "original_issues": [
    "files_without_raw: 1/2"
  ]
}