{
  "ghsa_id": "GHSA-5chw-3j8r-cp3g",
  "summary": "Malware in oz-player",
  "package_name": "oz-player",
  "package_manager": "npm",
  "socket_data": {
    "package_name": "oz-player",
    "package_manager": "npm",
    "suspicious_versions": [
      "923.649.0",
      "8.649.0",
      "7.949.0",
      "6.962.0",
      "5.862.0",
      "4.922.0",
      "3.812.0",
      "2.932.0",
      "1.937.0",
      "1.0.983"
    ],
    "checked_versions": [
      "923.649.0",
      "8.649.0",
      "7.949.0",
      "6.962.0",
      "5.862.0",
      "4.922.0",
      "3.812.0",
      "2.932.0",
      "1.937.0",
      "1.0.983"
    ],
    "repository_structure": {
      "index.js": {
        "type": "file",
        "link": "/npm/package/oz-player/files/923.649.0/index.js",
        "raw_link": "https://socketusercontent.com/blob/Qrt32mFiksKnbhqBdDi-_3toW4j8O5Ab286BGzlRG7JE"
      },
      "package.json": {
        "type": "file",
        "link": "/npm/package/oz-player/files/923.649.0/package.json",
        "raw_link": "https://socketusercontent.com/blob/QCv7Ce2q0CDPKYA0KJitnHB4v1CIr5UorOSriTIFc_jQ"
      }
    },
    "analysis_mode": "suspicious",
    "total_versions": 11
  },
  "package_url": "https://www.npmjs.com/package/oz-player"
}