{
  "ghsa_id": null,
  "summary": null,
  "package_name": "pacbot-spa",
  "package_manager": "npm",
  "socket_data": {
    "package_name": "pacbot-spa",
    "package_manager": "npm",
    "suspicious_versions": [
      "2.2.5",
      "2.2.4"
    ],
    "checked_versions": [
      "2.2.5",
      "2.2.4"
    ],
    "repository_structure": {
      "package.json": {
        "type": "file",
        "link": "/npm/package/pacbot-spa/files/2.2.5/package.json",
        "raw_link": null
      }
    },
    "analysis_mode": "suspicious",
    "total_versions": 3
  },
  "package_url": "https://www.npmjs.com/package/pacbot-spa",
  "reprocessed": true,
  "original_issues": [
    "files_without_raw: 1/1"
  ]
}