{
  "ghsa_id": null,
  "summary": null,
  "package_name": "package-inherit",
  "package_manager": "npm",
  "socket_data": {
    "package_name": "package-inherit",
    "package_manager": "npm",
    "suspicious_versions": [
      "9.9.9",
      "1.12.0",
      "0.1.4",
      "0.1.0"
    ],
    "checked_versions": [
      "9.9.9",
      "1.12.0",
      "0.1.4",
      "0.1.0"
    ],
    "repository_structure": {
      "index.js": {
        "type": "file",
        "link": "/npm/package/package-inherit/files/9.9.9/index.js",
        "raw_link": null
      },
      "index.js.bak": {
        "type": "file",
        "link": "/npm/package/package-inherit/files/9.9.9/index.js.bak",
        "raw_link": null
      },
      "package.json": {
        "type": "file",
        "link": "/npm/package/package-inherit/files/9.9.9/package.json",
        "raw_link": "https://socketusercontent.com/blob/QJP-73y5nKsNkzR6kFopGD_amozW33Th707kmmYxQfGw"
      },
      "package.json.bak": {
        "type": "file",
        "link": "/npm/package/package-inherit/files/9.9.9/package.json.bak",
        "raw_link": null
      }
    },
    "analysis_mode": "suspicious",
    "total_versions": 5
  },
  "package_url": "https://www.npmjs.com/package/package-inherit",
  "reprocessed": true,
  "original_issues": [
    "files_without_raw: 1/4"
  ]
}