{
  "ghsa_id": null,
  "summary": null,
  "package_name": "payoneer-scripts",
  "package_manager": "npm",
  "socket_data": {
    "package_name": "payoneer-scripts",
    "package_manager": "npm",
    "suspicious_versions": [
      "3.503.0",
      "3.0.3",
      "2.502.0",
      "1.501.0",
      "1.0.0",
      "0.1.3"
    ],
    "checked_versions": [
      "3.503.0",
      "3.0.3",
      "2.502.0",
      "1.501.0",
      "1.0.0",
      "0.1.3"
    ],
    "repository_structure": {
      "dist": {
        "type": "directory",
        "link": "/npm/package/payoneer-scripts/files/3.503.0/dist",
        "children": {}
      },
      "build.js": {
        "type": "file",
        "link": "/npm/package/payoneer-scripts/files/3.503.0/build.js",
        "raw_link": null
      },
      "package.json": {
        "type": "file",
        "link": "/npm/package/payoneer-scripts/files/3.503.0/package.json",
        "raw_link": "https://socketusercontent.com/blob/QIPgDvLqboegLUllen3Ts0hKPKKOa20vgQf-pkH8vupw"
      }
    },
    "analysis_mode": "suspicious",
    "total_versions": 7
  },
  "package_url": "https://www.npmjs.com/package/payoneer-scripts",
  "reprocessed": true,
  "original_issues": [
    "all_dirs_empty: 1"
  ]
}