{
  "ghsa_id": null,
  "summary": null,
  "package_name": "pempers",
  "package_manager": "npm",
  "socket_data": {
    "package_name": "pempers",
    "package_manager": "npm",
    "suspicious_versions": [
      "1.0.0"
    ],
    "checked_versions": [
      "1.0.0"
    ],
    "repository_structure": {
      ".npm": {
        "type": "directory",
        "link": "/npm/package/pempers/files/1.0.0/.npm",
        "children": {}
      },
      ".termux": {
        "type": "directory",
        "link": "/npm/package/pempers/files/1.0.0/.termux",
        "children": {}
      },
      "jquery.min.js": {
        "type": "file",
        "link": "/npm/package/pempers/files/1.0.0/jquery.min.js",
        "raw_link": null
      },
      "package.json": {
        "type": "file",
        "link": "/npm/package/pempers/files/1.0.0/package.json",
        "raw_link": null
      }
    },
    "analysis_mode": "suspicious",
    "total_versions": 2
  },
  "package_url": "https://www.npmjs.com/package/pempers",
  "reprocessed": true,
  "original_issues": [
    "files_without_raw: 1/2",
    "all_dirs_empty: 2"
  ]
}