{
  "ghsa_id": null,
  "summary": null,
  "package_name": "performance-appraisal",
  "package_manager": "npm",
  "socket_data": {
    "package_name": "performance-appraisal",
    "package_manager": "npm",
    "suspicious_versions": [
      "13.1.3"
    ],
    "checked_versions": [
      "13.1.3"
    ],
    "repository_structure": {
      "index.js": {
        "type": "file",
        "link": "/npm/package/performance-appraisal/files/13.1.3/index.js",
        "raw_link": "https://socketusercontent.com/blob/QDMeGLas83lCnUVPCJ2wNFjENgTOLz3K0Bgv8Owy8TT8"
      },
      "package.json": {
        "type": "file",
        "link": "/npm/package/performance-appraisal/files/13.1.3/package.json",
        "raw_link": "https://socketusercontent.com/blob/QOg1-jFou6DYKJb-bd23Rg7HbqNyhVkfCjGekxIeo7l8"
      }
    },
    "analysis_mode": "suspicious",
    "total_versions": 2
  },
  "package_url": "https://www.npmjs.com/package/performance-appraisal",
  "reprocessed": true,
  "original_issues": [
    "files_without_raw: 1/2"
  ]
}