{
  "ghsa_id": null,
  "summary": null,
  "package_name": "personal-colors-kash",
  "package_manager": "npm",
  "socket_data": {
    "package_name": "personal-colors-kash",
    "package_manager": "npm",
    "suspicious_versions": [
      "1.4.0",
      "1.0.0"
    ],
    "checked_versions": [
      "1.4.0",
      "1.0.0"
    ],
    "repository_structure": {
      "examples": {
        "type": "directory",
        "link": "/npm/package/personal-colors-kash/files/1.4.0/examples",
        "children": {}
      },
      "lib": {
        "type": "directory",
        "link": "/npm/package/personal-colors-kash/files/1.4.0/lib",
        "children": {}
      },
      "themes": {
        "type": "directory",
        "link": "/npm/package/personal-colors-kash/files/1.4.0/themes",
        "children": {}
      },
      "index.d.ts": {
        "type": "file",
        "link": "/npm/package/personal-colors-kash/files/1.4.0/index.d.ts",
        "raw_link": null
      },
      "LICENSE": {
        "type": "file",
        "link": "/npm/package/personal-colors-kash/files/1.4.0/LICENSE",
        "raw_link": "https://socketusercontent.com/blob/Qd__oQAZQmUlSX9V98G9KaoCthixTFLZqtbtqxM7mKAs"
      },
      "package.json": {
        "type": "file",
        "link": "/npm/package/personal-colors-kash/files/1.4.0/package.json",
        "raw_link": null
      },
      "README.md": {
        "type": "file",
        "link": "/npm/package/personal-colors-kash/files/1.4.0/README.md",
        "raw_link": "https://socketusercontent.com/blob/QReiR9-53i1xNkyvfcTIy181j-J5aFZhOFopMKdk9hDo"
      },
      "safe.d.ts": {
        "type": "file",
        "link": "/npm/package/personal-colors-kash/files/1.4.0/safe.d.ts",
        "raw_link": "https://socketusercontent.com/blob/QMcClOJRigySJCdB6AOI9Vx9KPYZ3hlARneJO9YWlbUU"
      },
      "safe.js": {
        "type": "file",
        "link": "/npm/package/personal-colors-kash/files/1.4.0/safe.js",
        "raw_link": null
      }
    },
    "analysis_mode": "suspicious",
    "total_versions": 3
  },
  "package_url": "https://www.npmjs.com/package/personal-colors-kash",
  "reprocessed": true,
  "original_issues": [
    "files_without_raw: 5/6",
    "all_dirs_empty: 3"
  ]
}