{
  "ghsa_id": null,
  "summary": null,
  "package_name": "pkg_with_bin",
  "package_manager": "npm",
  "socket_data": {
    "package_name": "pkg_with_bin",
    "package_manager": "npm",
    "suspicious_versions": [
      "5.0.1"
    ],
    "checked_versions": [
      "5.0.1"
    ],
    "repository_structure": {
      "src": {
        "type": "directory",
        "link": "/npm/package/pkg_with_bin/files/5.0.1/src",
        "children": {}
      },
      "tests": {
        "type": "directory",
        "link": "/npm/package/pkg_with_bin/files/5.0.1/tests",
        "children": {}
      },
      "index.js": {
        "type": "file",
        "link": "/npm/package/pkg_with_bin/files/5.0.1/index.js",
        "raw_link": "https://socketusercontent.com/blob/Q9orISdYxIwQExSSzsptWKcJR4RcJFjOIkifX5QALHzs"
      },
      "package.json": {
        "type": "file",
        "link": "/npm/package/pkg_with_bin/files/5.0.1/package.json",
        "raw_link": null
      },
      "package.json.bak": {
        "type": "file",
        "link": "/npm/package/pkg_with_bin/files/5.0.1/package.json.bak",
        "raw_link": null
      },
      "pre.sh": {
        "type": "file",
        "link": "/npm/package/pkg_with_bin/files/5.0.1/pre.sh",
        "raw_link": null
      }
    },
    "analysis_mode": "suspicious",
    "total_versions": 2
  },
  "package_url": "https://www.npmjs.com/package/pkg_with_bin",
  "reprocessed": true,
  "original_issues": [
    "files_without_raw: 3/4",
    "all_dirs_empty: 2"
  ]
}