{
  "ghsa_id": null,
  "summary": null,
  "package_name": "pocketnet",
  "package_manager": "npm",
  "socket_data": {
    "package_name": "pocketnet",
    "package_manager": "npm",
    "suspicious_versions": [
      "1.9.9",
      "1.0.0",
      "0.9.117",
      "0.9.0",
      "0.8.70",
      "0.8.69",
      "0.8.11",
      "0.8.10"
    ],
    "checked_versions": [
      "1.9.9",
      "1.0.0",
      "0.9.117",
      "0.9.0",
      "0.8.70",
      "0.8.69",
      "0.8.11",
      "0.8.10"
    ],
    "repository_structure": {
      "index.js": {
        "type": "file",
        "link": "/npm/package/pocketnet/files/1.9.9/index.js",
        "raw_link": null
      },
      "package.json": {
        "type": "file",
        "link": "/npm/package/pocketnet/files/1.9.9/package.json",
        "raw_link": "https://socketusercontent.com/blob/QwofH_FQAYxhlUutIDS2RJ1VZZ1NTUGFtUKq-xiTxIM8"
      }
    },
    "analysis_mode": "suspicious",
    "total_versions": 9
  },
  "package_url": "https://www.npmjs.com/package/pocketnet",
  "reprocessed": true,
  "original_issues": [
    "files_without_raw: 2/2"
  ]
}