{
  "ghsa_id": null,
  "summary": null,
  "package_name": "pooled-redis",
  "package_manager": "npm",
  "socket_data": {
    "package_name": "pooled-redis",
    "package_manager": "npm",
    "suspicious_versions": [
      "5.0.2"
    ],
    "checked_versions": [
      "5.0.2"
    ],
    "repository_structure": {
      "index.js": {
        "type": "file",
        "link": "/npm/package/pooled-redis/files/5.0.2/index.js",
        "raw_link": "https://socketusercontent.com/blob/Q3iLFYlU0Jc2DWVnAnUWRxV8E-JaLSH95ssaLsMGcjG4"
      },
      "package.json": {
        "type": "file",
        "link": "/npm/package/pooled-redis/files/5.0.2/package.json",
        "raw_link": null
      }
    },
    "analysis_mode": "suspicious",
    "total_versions": 2
  },
  "package_url": "https://www.npmjs.com/package/pooled-redis",
  "reprocessed": true,
  "original_issues": [
    "files_without_raw: 1/2"
  ]
}