{
  "ghsa_id": null,
  "summary": null,
  "package_name": "prettier-linter-helper",
  "package_manager": "npm",
  "socket_data": {
    "package_name": "prettier-linter-helper",
    "package_manager": "npm",
    "suspicious_versions": [
      "1.999.999"
    ],
    "checked_versions": [
      "1.999.999"
    ],
    "analysis_mode": "suspicious",
    "total_versions": 2,
    "message": "No repository structure found"
  },
  "package_url": "https://www.npmjs.com/package/prettier-linter-helper",
  "reprocessed": true,
  "original_issues": [
    "files_without_raw: 3/6"
  ]
}