{
  "ghsa_id": null,
  "summary": null,
  "package_name": "privmx-crypto",
  "package_manager": "npm",
  "socket_data": {
    "package_name": "privmx-crypto",
    "package_manager": "npm",
    "suspicious_versions": [
      "1338.2.0",
      "1338.0.0",
      "1337.0.0",
      "3.1337.0",
      "2.1337.0",
      "1.1337.0"
    ],
    "checked_versions": [
      "1338.2.0",
      "1338.0.0",
      "1337.0.0",
      "3.1337.0",
      "2.1337.0",
      "1.1337.0"
    ],
    "repository_structure": {
      "index.js": {
        "type": "file",
        "link": "/npm/package/privmx-crypto/files/1338.0.0/index.js",
        "raw_link": "https://socketusercontent.com/blob/Q_ZLcxR5d1zmdxTdi4OsWkq7u29CeqvnDByQAvnZ-TBA"
      },
      "package.json": {
        "type": "file",
        "link": "/npm/package/privmx-crypto/files/1338.0.0/package.json",
        "raw_link": "https://socketusercontent.com/blob/QfFI03KxC7uZI0GlDttG9VHSS1wDII17rGC2ASdGV0Co"
      }
    },
    "analysis_mode": "suspicious",
    "total_versions": 7
  },
  "package_url": "https://www.npmjs.com/package/privmx-crypto",
  "reprocessed": true,
  "original_issues": [
    "files_without_raw: 1/2"
  ]
}