{
  "ghsa_id": null,
  "summary": null,
  "package_name": "protos-gen-node",
  "package_manager": "npm",
  "socket_data": {
    "package_name": "protos-gen-node",
    "package_manager": "npm",
    "suspicious_versions": [
      "1.0.0"
    ],
    "checked_versions": [
      "1.0.0"
    ],
    "repository_structure": {
      "index.js": {
        "type": "file",
        "link": "/npm/package/protos-gen-node/files/1.0.0/index.js",
        "raw_link": "https://socketusercontent.com/blob/Qo98WBtwwnEa59Vc2tvu3DvMLGa9PqXvog-0NLNIpfZQ"
      },
      "package.json": {
        "type": "file",
        "link": "/npm/package/protos-gen-node/files/1.0.0/package.json",
        "raw_link": "https://socketusercontent.com/blob/QWWkoF0Ec_PvEU3CoZrnzOj0PEeqcvD31iPv5cmmK-XI"
      }
    },
    "analysis_mode": "suspicious",
    "total_versions": 2
  },
  "package_url": "https://www.npmjs.com/package/protos-gen-node",
  "reprocessed": true,
  "original_issues": [
    "files_without_raw: 1/2"
  ]
}