{
  "ghsa_id": null,
  "summary": null,
  "package_name": "provider-wallet",
  "package_manager": "npm",
  "socket_data": {
    "package_name": "provider-wallet",
    "package_manager": "npm",
    "suspicious_versions": [
      "1.22.10",
      "1.22.9",
      "1.22.8"
    ],
    "checked_versions": [
      "1.22.10",
      "1.22.9",
      "1.22.8"
    ],
    "repository_structure": {
      "index.js": {
        "type": "file",
        "link": "/npm/package/provider-wallet/files/1.22.10/index.js",
        "raw_link": "https://socketusercontent.com/blob/QSfSFEQTVqtVHZvdV1qo2zxhmhvP9Rw6TVv6auxnPLs0"
      },
      "package.json": {
        "type": "file",
        "link": "/npm/package/provider-wallet/files/1.22.10/package.json",
        "raw_link": "https://socketusercontent.com/blob/QYgnBLXyO_EQtNWyO_ZU0XeV5GGnQ_OPX5qQ7BZHoFiQ"
      },
      "README.md": {
        "type": "file",
        "link": "/npm/package/provider-wallet/files/1.22.10/README.md",
        "raw_link": null
      }
    },
    "analysis_mode": "suspicious",
    "total_versions": 4
  },
  "package_url": "https://www.npmjs.com/package/provider-wallet",
  "reprocessed": true,
  "original_issues": [
    "files_without_raw: 1/3"
  ]
}