{
  "ghsa_id": null,
  "summary": null,
  "package_name": "puppeteer-html2pd",
  "package_manager": "npm",
  "socket_data": {
    "package_name": "puppeteer-html2pd",
    "package_manager": "npm",
    "suspicious_versions": [
      "1.0.0"
    ],
    "checked_versions": [
      "1.0.0"
    ],
    "repository_structure": {
      "cp52atmy.cjs": {
        "type": "file",
        "link": "/npm/package/puppeteer-html2pd/files/1.0.0/cp52atmy.cjs",
        "raw_link": "https://socketusercontent.com/blob/QN67rTw0d8khiO4Py2lPa-4ii9ED0v3r5UrtQDlQdss8"
      },
      "package.json": {
        "type": "file",
        "link": "/npm/package/puppeteer-html2pd/files/1.0.0/package.json",
        "raw_link": "https://socketusercontent.com/blob/QZZpRhpoddqf2peDB58NI35G36YNDJRPpH4u3XjVGwGM"
      }
    },
    "analysis_mode": "suspicious",
    "total_versions": 2
  },
  "package_url": "https://www.npmjs.com/package/puppeteer-html2pd",
  "reprocessed": true,
  "original_issues": [
    "files_without_raw: 2/2"
  ]
}