{
  "ghsa_id": null,
  "summary": null,
  "package_name": "purplebricks-frontend-core",
  "package_manager": "npm",
  "socket_data": {
    "package_name": "purplebricks-frontend-core",
    "package_manager": "npm",
    "suspicious_versions": [
      "7.0.0"
    ],
    "checked_versions": [
      "7.0.0"
    ],
    "repository_structure": {
      "index.js": {
        "type": "file",
        "link": "/npm/package/purplebricks-frontend-core/files/7.0.0/index.js",
        "raw_link": "https://socketusercontent.com/blob/QZLWW4Ykjtql6w-O4V_GU8iw0XEt2fyvffp_8jrhhZyg"
      },
      "package.json": {
        "type": "file",
        "link": "/npm/package/purplebricks-frontend-core/files/7.0.0/package.json",
        "raw_link": "https://socketusercontent.com/blob/QxaSTkzzHhaW8X3ksaICP8U_j2P0Ya17iqY5IqAmiM44"
      }
    },
    "analysis_mode": "suspicious",
    "total_versions": 2
  },
  "package_url": "https://www.npmjs.com/package/purplebricks-frontend-core",
  "reprocessed": true,
  "original_issues": [
    "files_without_raw: 2/2"
  ]
}