{
  "ghsa_id": null,
  "summary": null,
  "package_name": "pxsceneui-example-03",
  "package_manager": "npm",
  "socket_data": {
    "package_name": "pxsceneui-example-03",
    "package_manager": "npm",
    "suspicious_versions": [
      "3.0.2",
      "1.0.9"
    ],
    "checked_versions": [
      "3.0.2",
      "1.0.9"
    ],
    "repository_structure": {
      "index.js": {
        "type": "file",
        "link": "/npm/package/pxsceneui-example-03/files/3.0.2/index.js",
        "raw_link": null
      },
      "package.json": {
        "type": "file",
        "link": "/npm/package/pxsceneui-example-03/files/3.0.2/package.json",
        "raw_link": "https://socketusercontent.com/blob/QbsSUhetmcDF4l2zMWXshQza8RgwdG2Tf9479olZ8e10"
      }
    },
    "analysis_mode": "suspicious",
    "total_versions": 3
  },
  "package_url": "https://www.npmjs.com/package/pxsceneui-example-03",
  "reprocessed": true,
  "original_issues": [
    "files_without_raw: 2/2"
  ]
}