{
  "ghsa_id": null,
  "summary": null,
  "package_name": "qjwt",
  "package_manager": "npm",
  "socket_data": {
    "package_name": "qjwt",
    "package_manager": "npm",
    "suspicious_versions": [
      "1.0.9",
      "1.0.7",
      "1.0.6",
      "1.0.5",
      "1.0.4",
      "1.0.3",
      "1.0.2",
      "1.0.1",
      "1.0.0"
    ],
    "checked_versions": [
      "1.0.9",
      "1.0.7",
      "1.0.6",
      "1.0.5",
      "1.0.4",
      "1.0.3",
      "1.0.2",
      "1.0.1",
      "1.0.0"
    ],
    "repository_structure": {
      "dist": {
        "type": "directory",
        "link": "/npm/package/qjwt/files/1.0.9/dist",
        "children": {}
      },
      "index.js": {
        "type": "file",
        "link": "/npm/package/qjwt/files/1.0.9/index.js",
        "raw_link": null
      },
      "package.json": {
        "type": "file",
        "link": "/npm/package/qjwt/files/1.0.9/package.json",
        "raw_link": "https://socketusercontent.com/blob/QYn17sPrOO-sBTT54VCktG5a81tWqQH86SiABMfejJBQ"
      }
    },
    "analysis_mode": "suspicious",
    "total_versions": 10
  },
  "package_url": "https://www.npmjs.com/package/qjwt",
  "reprocessed": true,
  "original_issues": [
    "files_without_raw: 2/2",
    "all_dirs_empty: 1"
  ]
}