{
  "ghsa_id": null,
  "summary": null,
  "package_name": "racvxen",
  "package_manager": "npm",
  "socket_data": {
    "package_name": "racvxen",
    "package_manager": "npm",
    "suspicious_versions": [
      "1.2.0"
    ],
    "checked_versions": [
      "1.2.0"
    ],
    "repository_structure": {
      "HISTORY.md": {
        "type": "file",
        "link": "/npm/package/racvxen/files/1.2.0/HISTORY.md",
        "raw_link": null
      },
      "index.js": {
        "type": "file",
        "link": "/npm/package/racvxen/files/1.2.0/index.js",
        "raw_link": null
      },
      "LICENSE": {
        "type": "file",
        "link": "/npm/package/racvxen/files/1.2.0/LICENSE",
        "raw_link": null
      },
      "package.json": {
        "type": "file",
        "link": "/npm/package/racvxen/files/1.2.0/package.json",
        "raw_link": "https://socketusercontent.com/blob/Q8KST9eaQjZj4wqFRGXJcSF52AtBIZ9EGQ8n8tBrykZM"
      },
      "README.md": {
        "type": "file",
        "link": "/npm/package/racvxen/files/1.2.0/README.md",
        "raw_link": null
      }
    },
    "analysis_mode": "suspicious",
    "total_versions": 2
  },
  "package_url": "https://www.npmjs.com/package/racvxen",
  "reprocessed": true,
  "original_issues": [
    "files_without_raw: 4/5"
  ]
}