{
  "ghsa_id": "GHSA-2vmv-pqhc-374g",
  "summary": "Malware in random-avishek",
  "package_name": "random-avishek",
  "package_manager": "npm",
  "socket_data": {
    "package_name": "random-avishek",
    "package_manager": "npm",
    "suspicious_versions": [
      "1.0.0"
    ],
    "checked_versions": [
      "1.0.0"
    ],
    "repository_structure": {
      "package.json": {
        "type": "file",
        "link": "/npm/package/random-avishek/files/1.0.0/package.json",
        "raw_link": "https://socketusercontent.com/blob/Q_qiOHH36ug2uJ5Dfe5RZ1QbzSDcTdUczhRsQnSwh9ek"
      }
    },
    "analysis_mode": "suspicious",
    "total_versions": 2
  },
  "package_url": "https://www.npmjs.com/package/random-avishek"
}