{
  "ghsa_id": "GHSA-486f-p2rr-vjg4",
  "summary": "Malware in rce-techroom",
  "package_name": "rce-techroom",
  "package_manager": "npm",
  "socket_data": {
    "package_name": "rce-techroom",
    "package_manager": "npm",
    "suspicious_versions": [
      "99.0.0"
    ],
    "checked_versions": [
      "99.0.0"
    ],
    "repository_structure": {
      "index.js": {
        "type": "file",
        "link": "/npm/package/rce-techroom/files/99.0.0/index.js",
        "raw_link": "https://socketusercontent.com/blob/QtNhXoIuZ686ixJCT8W4yS4rBW1dhklgWvRP-tUsiwPk"
      },
      "package.json": {
        "type": "file",
        "link": "/npm/package/rce-techroom/files/99.0.0/package.json",
        "raw_link": "https://socketusercontent.com/blob/QctX5b7p7tyV3_FrEQe6_VEQzQnMUjxy07oKxxFcnA-8"
      }
    },
    "analysis_mode": "suspicious",
    "total_versions": 2
  },
  "package_url": "https://www.npmjs.com/package/rce-techroom"
}