{
  "ghsa_id": "GHSA-jvp7-r2g2-x84q",
  "summary": "Malware in react-native-camera-kit-example",
  "package_name": "react-native-camera-kit-example",
  "package_manager": "npm",
  "socket_data": {
    "package_name": "react-native-camera-kit-example",
    "package_manager": "npm",
    "suspicious_versions": [
      "0.0.1"
    ],
    "checked_versions": [
      "0.0.1"
    ],
    "analysis_mode": "suspicious",
    "total_versions": 2,
    "message": "No repository structure found"
  },
  "package_url": "https://www.npmjs.com/package/react-native-camera-kit-example"
}