{
  "ghsa_id": null,
  "summary": null,
  "package_name": "react-babel-purify",
  "package_manager": "npm",
  "socket_data": {
    "package_name": "react-babel-purify",
    "package_manager": "npm",
    "suspicious_versions": [
      "1.0.8",
      "1.0.7"
    ],
    "checked_versions": [
      "1.0.8",
      "1.0.7"
    ],
    "repository_structure": {
      "docs": {
        "type": "directory",
        "link": "/npm/package/react-babel-purify/files/1.0.8/docs",
        "children": {}
      },
      "docsify": {
        "type": "directory",
        "link": "/npm/package/react-babel-purify/files/1.0.8/docsify",
        "children": {}
      },
      "lib": {
        "type": "directory",
        "link": "/npm/package/react-babel-purify/files/1.0.8/lib",
        "children": {}
      },
      "CONTRIBUTING.md": {
        "type": "file",
        "link": "/npm/package/react-babel-purify/files/1.0.8/CONTRIBUTING.md",
        "raw_link": null
      },
      "favicon-16x16.png": {
        "type": "file",
        "link": "/npm/package/react-babel-purify/files/1.0.8/favicon-16x16.png",
        "raw_link": null
      },
      "favicon-32x32.png": {
        "type": "file",
        "link": "/npm/package/react-babel-purify/files/1.0.8/favicon-32x32.png",
        "raw_link": null
      },
      "favicon.ico": {
        "type": "file",
        "link": "/npm/package/react-babel-purify/files/1.0.8/favicon.ico",
        "raw_link": null
      },
      "file.js": {
        "type": "file",
        "link": "/npm/package/react-babel-purify/files/1.0.8/file.js",
        "raw_link": "https://socketusercontent.com/blob/Qk9udASsjellYDWRqRtO8NI0HlsvIVy70vMAgyvfLWr4"
      },
      "index.html": {
        "type": "file",
        "link": "/npm/package/react-babel-purify/files/1.0.8/index.html",
        "raw_link": "https://socketusercontent.com/blob/Q4kjaoWPaMy0G3pU0EPT3r31vxHobS_kWZlzCPmmHV6c"
      },
      "LICENSE": {
        "type": "file",
        "link": "/npm/package/react-babel-purify/files/1.0.8/LICENSE",
        "raw_link": "https://socketusercontent.com/blob/QOw-p8EXKijy8Us2GpFhgl79zBy21CvTe6sZQ0ZC__NY"
      }
    },
    "analysis_mode": "suspicious",
    "total_versions": 3
  },
  "package_url": "https://www.npmjs.com/package/react-babel-purify",
  "reprocessed": true,
  "original_issues": [
    "files_without_raw: 7/7",
    "all_dirs_empty: 3"
  ]
}