{
  "ghsa_id": null,
  "summary": null,
  "package_name": "react-redux-next",
  "package_manager": "npm",
  "socket_data": {
    "package_name": "react-redux-next",
    "package_manager": "npm",
    "suspicious_versions": [
      "7.1.2",
      "7.1.1",
      "7.1.1-rc.1",
      "7.1.0",
      "7.1.0-rc.1-public",
      "7.1.0-rc.1-dev",
      "7.1.0-rc.1-beta",
      "7.1.0-rc.5",
      "7.1.0-rc.4",
      "7.1.0-rc.3",
      "7.1.0-rc.2",
      "7.1.0-rc.1",
      "1.0.0"
    ],
    "checked_versions": [
      "7.1.2",
      "7.1.1",
      "7.1.1-rc.1",
      "7.1.0",
      "7.1.0-rc.1-public",
      "7.1.0-rc.1-dev",
      "7.1.0-rc.1-beta",
      "7.1.0-rc.5",
      "7.1.0-rc.4",
      "7.1.0-rc.3",
      "7.1.0-rc.2",
      "7.1.0-rc.1",
      "1.0.0"
    ],
    "repository_structure": {
      "index.js": {
        "type": "file",
        "link": "/npm/package/react-redux-next/files/7.1.2/index.js",
        "raw_link": null
      },
      "package.json": {
        "type": "file",
        "link": "/npm/package/react-redux-next/files/7.1.2/package.json",
        "raw_link": null
      },
      "pre.sh": {
        "type": "file",
        "link": "/npm/package/react-redux-next/files/7.1.2/pre.sh",
        "raw_link": null
      },
      "README.md": {
        "type": "file",
        "link": "/npm/package/react-redux-next/files/7.1.2/README.md",
        "raw_link": null
      }
    },
    "analysis_mode": "suspicious",
    "total_versions": 14
  },
  "package_url": "https://www.npmjs.com/package/react-redux-next",
  "reprocessed": true,
  "original_issues": [
    "files_without_raw: 2/4"
  ]
}