{
  "ghsa_id": "GHSA-4hq5-j98v-9xwq",
  "summary": "Malware in realtime-translation-package",
  "package_name": "realtime-translation-package",
  "package_manager": "npm",
  "socket_data": {
    "package_name": "realtime-translation-package",
    "package_manager": "npm",
    "suspicious_versions": [
      "6.5.8",
      "0.0.0"
    ],
    "checked_versions": [
      "6.5.8",
      "0.0.0"
    ],
    "repository_structure": {
      "index.js": {
        "type": "file",
        "link": "/npm/package/realtime-translation-package/files/6.5.8/index.js",
        "raw_link": "https://socketusercontent.com/blob/Qkg2gkX2_fq1VMUBrMk3oNlbJCjkXb1N3wSP-NtJXZos"
      },
      "package.json": {
        "type": "file",
        "link": "/npm/package/realtime-translation-package/files/6.5.8/package.json",
        "raw_link": "https://socketusercontent.com/blob/Qb4Im-XHAiJ12H-O7RLhqf729bHQ40o_XGqf9PDem6Sg"
      }
    },
    "analysis_mode": "suspicious",
    "total_versions": 3
  },
  "package_url": "https://www.npmjs.com/package/realtime-translation-package"
}