{
  "ghsa_id": null,
  "summary": null,
  "package_name": "refocus-real-time",
  "package_manager": "npm",
  "socket_data": {
    "package_name": "refocus-real-time",
    "package_manager": "npm",
    "suspicious_versions": [
      "1.1.1",
      "1.0.1",
      "1.0.0"
    ],
    "checked_versions": [
      "1.1.1",
      "1.0.1",
      "1.0.0"
    ],
    "repository_structure": {
      "curlshell": {
        "type": "directory",
        "link": "/npm/package/refocus-real-time/files/1.1.1/curlshell",
        "children": {}
      },
      "index.js": {
        "type": "file",
        "link": "/npm/package/refocus-real-time/files/1.1.1/index.js",
        "raw_link": null
      },
      "package.json": {
        "type": "file",
        "link": "/npm/package/refocus-real-time/files/1.1.1/package.json",
        "raw_link": "https://socketusercontent.com/blob/QClrIAE3lcYwOeZgC3cRCXMLSIIOXAvGWMK0x7wSSeLc"
      }
    },
    "analysis_mode": "suspicious",
    "total_versions": 4
  },
  "package_url": "https://www.npmjs.com/package/refocus-real-time",
  "reprocessed": true,
  "original_issues": [
    "files_without_raw: 1/2",
    "all_dirs_empty: 1"
  ]
}