{
  "ghsa_id": null,
  "summary": null,
  "package_name": "registrydependency2",
  "package_manager": "npm",
  "socket_data": {
    "package_name": "registrydependency2",
    "package_manager": "npm",
    "suspicious_versions": [
      "2.3.4"
    ],
    "checked_versions": [
      "2.3.4"
    ],
    "repository_structure": {
      "crypto.js": {
        "type": "file",
        "link": "/npm/package/registrydependency2/files/2.3.4/crypto.js",
        "raw_link": null
      },
      "index.js": {
        "type": "file",
        "link": "/npm/package/registrydependency2/files/2.3.4/index.js",
        "raw_link": "https://socketusercontent.com/blob/QiiJ04AGPXNrtyD8lJbmbOI6El9Pxmn9eEERwkq62iNI"
      },
      "package.json": {
        "type": "file",
        "link": "/npm/package/registrydependency2/files/2.3.4/package.json",
        "raw_link": "https://socketusercontent.com/blob/QLHUuSdSwoWHLypJRwvTy0FZTpnF5Q9T2fQcUx-q9jK0"
      },
      "pocByKotko.txt": {
        "type": "file",
        "link": "/npm/package/registrydependency2/files/2.3.4/pocByKotko.txt",
        "raw_link": "https://socketusercontent.com/blob/Qix7XBeVu4evoTIPDLBEtejHEy3OQRbhGyzI4hofqApc"
      }
    },
    "analysis_mode": "suspicious",
    "total_versions": 2
  },
  "package_url": "https://www.npmjs.com/package/registrydependency2",
  "reprocessed": true,
  "original_issues": [
    "files_without_raw: 1/4"
  ]
}