{
  "ghsa_id": null,
  "summary": null,
  "package_name": "remote-pay-cloud-pos-react",
  "package_manager": "npm",
  "socket_data": {
    "package_name": "remote-pay-cloud-pos-react",
    "package_manager": "npm",
    "suspicious_versions": [
      "9.0.0"
    ],
    "checked_versions": [
      "9.0.0"
    ],
    "repository_structure": {
      "index.js": {
        "type": "file",
        "link": "/npm/package/remote-pay-cloud-pos-react/files/9.0.0/index.js",
        "raw_link": null
      },
      "package.json": {
        "type": "file",
        "link": "/npm/package/remote-pay-cloud-pos-react/files/9.0.0/package.json",
        "raw_link": "https://socketusercontent.com/blob/QpXgUB0F0g0jPtlGGID8MJ9bIr1XsrVuyyWF7CIc_dZA"
      }
    },
    "analysis_mode": "suspicious",
    "total_versions": 3
  },
  "package_url": "https://www.npmjs.com/package/remote-pay-cloud-pos-react",
  "reprocessed": true,
  "original_issues": [
    "files_without_raw: 1/2"
  ]
}