{
  "ghsa_id": null,
  "summary": null,
  "package_name": "requestz-promises",
  "package_manager": "npm",
  "socket_data": {
    "package_name": "requestz-promises",
    "package_manager": "npm",
    "suspicious_versions": [
      "4.2.0"
    ],
    "checked_versions": [
      "4.2.0"
    ],
    "repository_structure": {
      "lib": {
        "type": "directory",
        "link": "/npm/package/requestz-promises/files/4.2.0/lib",
        "children": {}
      },
      "errors.js": {
        "type": "file",
        "link": "/npm/package/requestz-promises/files/4.2.0/errors.js",
        "raw_link": "https://socketusercontent.com/blob/QmoLv4xZQFRhnN-UgmrCvvrYQDZu4oXkEle_NuTPNnZ8"
      },
      "LICENSE": {
        "type": "file",
        "link": "/npm/package/requestz-promises/files/4.2.0/LICENSE",
        "raw_link": null
      },
      "package.json": {
        "type": "file",
        "link": "/npm/package/requestz-promises/files/4.2.0/package.json",
        "raw_link": null
      },
      "README.md": {
        "type": "file",
        "link": "/npm/package/requestz-promises/files/4.2.0/README.md",
        "raw_link": null
      }
    },
    "analysis_mode": "suspicious",
    "total_versions": 2
  },
  "package_url": "https://www.npmjs.com/package/requestz-promises",
  "reprocessed": true,
  "original_issues": [
    "files_without_raw: 1/4",
    "all_dirs_empty: 1"
  ]
}