{
  "ghsa_id": null,
  "summary": null,
  "package_name": "rexz-imagine-ai",
  "package_manager": "npm",
  "socket_data": {
    "package_name": "rexz-imagine-ai",
    "package_manager": "npm",
    "suspicious_versions": [
      "1.0.7",
      "1.0.6",
      "1.0.5",
      "1.0.4",
      "1.0.3",
      "1.0.2",
      "1.0.1",
      "1.0.0"
    ],
    "checked_versions": [
      "1.0.7",
      "1.0.6",
      "1.0.5",
      "1.0.4",
      "1.0.3",
      "1.0.2",
      "1.0.1",
      "1.0.0"
    ],
    "repository_structure": {
      "index.js": {
        "type": "file",
        "link": "/npm/package/rexz-imagine-ai/files/1.0.7/index.js",
        "raw_link": null
      },
      "package.json": {
        "type": "file",
        "link": "/npm/package/rexz-imagine-ai/files/1.0.7/package.json",
        "raw_link": "https://socketusercontent.com/blob/QNfM9NOEd4EkhwnwcoIx__SQcW9emDfgaqs5-h2vhqGU"
      },
      "readme.md": {
        "type": "file",
        "link": "/npm/package/rexz-imagine-ai/files/1.0.7/readme.md",
        "raw_link": null
      }
    },
    "analysis_mode": "suspicious",
    "total_versions": 9
  },
  "package_url": "https://www.npmjs.com/package/rexz-imagine-ai",
  "reprocessed": true,
  "original_issues": [
    "files_without_raw: 3/3"
  ]
}