{
  "ghsa_id": null,
  "summary": null,
  "package_name": "rhancis",
  "package_manager": "npm",
  "socket_data": {
    "package_name": "rhancis",
    "package_manager": "npm",
    "suspicious_versions": [
      "3.0.4",
      "3.0.2",
      "3.0.1",
      "3.0.0",
      "2.0.0",
      "1.0.6",
      "1.0.5",
      "1.0.4",
      "1.0.3",
      "1.0.2",
      "1.0.1",
      "1.0.0"
    ],
    "checked_versions": [
      "3.0.4",
      "3.0.2",
      "3.0.1",
      "3.0.0",
      "2.0.0",
      "1.0.6",
      "1.0.5",
      "1.0.4",
      "1.0.3",
      "1.0.2",
      "1.0.1",
      "1.0.0"
    ],
    "repository_structure": {
      ".cache": {
        "type": "directory",
        "link": "/npm/package/rhancis/files/3.0.2/.cache",
        "children": {}
      },
      ".config": {
        "type": "directory",
        "link": "/npm/package/rhancis/files/3.0.2/.config",
        "children": {}
      },
      ".upm": {
        "type": "directory",
        "link": "/npm/package/rhancis/files/3.0.2/.upm",
        "children": {}
      },
      "language": {
        "type": "directory",
        "link": "/npm/package/rhancis/files/3.0.2/language",
        "children": {}
      },
      "lib": {
        "type": "directory",
        "link": "/npm/package/rhancis/files/3.0.2/lib",
        "children": {}
      },
      "src": {
        "type": "directory",
        "link": "/npm/package/rhancis/files/3.0.2/src",
        "children": {}
      },
      "test": {
        "type": "directory",
        "link": "/npm/package/rhancis/files/3.0.2/test",
        "children": {}
      },
      ".gitattributes": {
        "type": "file",
        "link": "/npm/package/rhancis/files/3.0.2/.gitattributes",
        "raw_link": "https://socketusercontent.com/blob/QGh2-F2vCM7SZ01pX23UT8pQcmauXWfF3gwyRSb6ZAFs"
      },
      ".replit": {
        "type": "file",
        "link": "/npm/package/rhancis/files/3.0.2/.replit",
        "raw_link": null
      },
      ".travis.yml": {
        "type": "file",
        "link": "/npm/package/rhancis/files/3.0.2/.travis.yml",
        "raw_link": null
      }
    },
    "analysis_mode": "suspicious",
    "total_versions": 13
  },
  "package_url": "https://www.npmjs.com/package/rhancis",
  "reprocessed": true,
  "original_issues": [
    "files_without_raw: 1/3",
    "all_dirs_empty: 7"
  ]
}