{
  "ghsa_id": null,
  "summary": null,
  "package_name": "rochman",
  "package_manager": "npm",
  "socket_data": {
    "package_name": "rochman",
    "package_manager": "npm",
    "suspicious_versions": [
      "3.6.0",
      "1.0.0"
    ],
    "checked_versions": [
      "3.6.0",
      "1.0.0"
    ],
    "repository_structure": {
      "package.json": {
        "type": "file",
        "link": "/npm/package/rochman/files/3.6.0/package.json",
        "raw_link": null
      },
      "rochman.kontol.js": {
        "type": "file",
        "link": "/npm/package/rochman/files/3.6.0/rochman.kontol.js",
        "raw_link": null
      }
    },
    "analysis_mode": "suspicious",
    "total_versions": 3
  },
  "package_url": "https://www.npmjs.com/package/rochman",
  "reprocessed": true,
  "original_issues": [
    "files_without_raw: 2/2"
  ]
}