{
  "ghsa_id": "GHSA-33x4-7966-rqv4",
  "summary": "Malware in sa-kws-demo-web",
  "package_name": "sa-kws-demo-web",
  "package_manager": "npm",
  "socket_data": {
    "package_name": "sa-kws-demo-web",
    "package_manager": "npm",
    "suspicious_versions": [
      "1.2.2"
    ],
    "checked_versions": [
      "1.2.2"
    ],
    "repository_structure": {
      "package.json": {
        "type": "file",
        "link": "/npm/package/sa-kws-demo-web/files/1.2.2/package.json",
        "raw_link": "https://socketusercontent.com/blob/Qzo4F_5jAI57eIo5JWYR90j4MctckyUJc7pVn1PzgtDk"
      }
    },
    "analysis_mode": "suspicious",
    "total_versions": 2
  },
  "package_url": "https://www.npmjs.com/package/sa-kws-demo-web"
}