{
  "ghsa_id": "GHSA-mxfv-v4j3-qm49",
  "summary": "Malware in scale-css-loaderx",
  "package_name": "scale-css-loaderx",
  "package_manager": "npm",
  "socket_data": {
    "package_name": "scale-css-loaderx",
    "package_manager": "npm",
    "suspicious_versions": [
      "100.0.0"
    ],
    "checked_versions": [
      "100.0.0"
    ],
    "repository_structure": {
      "index.js": {
        "type": "file",
        "link": "/npm/package/scale-css-loaderx/files/100.0.0/index.js",
        "raw_link": "https://socketusercontent.com/blob/QBwF8dpIxaKSUoU2fRfOVuJlBGvwRo9jo-MbwT-3wD3A"
      },
      "package.json": {
        "type": "file",
        "link": "/npm/package/scale-css-loaderx/files/100.0.0/package.json",
        "raw_link": "https://socketusercontent.com/blob/QLgz9KdUtAC1rLjP1t-UkWD5mXYQQApMc2B0vooY4LZY"
      }
    },
    "analysis_mode": "suspicious",
    "total_versions": 2
  },
  "package_url": "https://www.npmjs.com/package/scale-css-loaderx"
}