{
  "ghsa_id": null,
  "summary": null,
  "package_name": "scenes-core",
  "package_manager": "npm",
  "socket_data": {
    "package_name": "scenes-core",
    "package_manager": "npm",
    "suspicious_versions": [
      "1.0.0"
    ],
    "checked_versions": [
      "1.0.0"
    ],
    "analysis_mode": "suspicious",
    "total_versions": 2,
    "message": "No repository structure found"
  },
  "package_url": "https://www.npmjs.com/package/scenes-core",
  "reprocessed": true,
  "original_issues": [
    "files_without_raw: 1/1"
  ]
}