{
  "ghsa_id": "GHSA-cqwj-7v7v-xxjm",
  "summary": "Malware in scheduler-builtin",
  "package_name": "scheduler-builtin",
  "package_manager": "npm",
  "socket_data": {
    "package_name": "scheduler-builtin",
    "package_manager": "npm",
    "suspicious_versions": [
      "10.0.1"
    ],
    "checked_versions": [
      "10.0.1"
    ],
    "analysis_mode": "suspicious",
    "total_versions": 2,
    "message": "No repository structure found"
  },
  "package_url": "https://www.npmjs.com/package/scheduler-builtin"
}