{
  "ghsa_id": null,
  "summary": null,
  "package_name": "schedulermpastakash",
  "package_manager": "npm",
  "socket_data": {
    "package_name": "schedulermpastakash",
    "package_manager": "npm",
    "suspicious_versions": [
      "2.0.0"
    ],
    "checked_versions": [
      "2.0.0"
    ],
    "repository_structure": {
      "index.js": {
        "type": "file",
        "link": "/npm/package/schedulermpastakash/files/2.0.0/index.js",
        "raw_link": "https://socketusercontent.com/blob/Qqy8PAtM_SseuW8zrdb7AGcViMJNXavdVM7Dgc-Me6f8"
      },
      "package.json": {
        "type": "file",
        "link": "/npm/package/schedulermpastakash/files/2.0.0/package.json",
        "raw_link": null
      }
    },
    "analysis_mode": "suspicious",
    "total_versions": 2
  },
  "package_url": "https://www.npmjs.com/package/schedulermpastakash",
  "reprocessed": true,
  "original_issues": [
    "files_without_raw: 2/2"
  ]
}