{
  "ghsa_id": null,
  "summary": null,
  "package_name": "security-ebay",
  "package_manager": "npm",
  "socket_data": {
    "package_name": "security-ebay",
    "package_manager": "npm",
    "suspicious_versions": [
      "99.99.999",
      "99.99.99"
    ],
    "checked_versions": [
      "99.99.999",
      "99.99.99"
    ],
    "repository_structure": {
      "index.js": {
        "type": "file",
        "link": "/npm/package/security-ebay/files/99.99.999/index.js",
        "raw_link": "https://socketusercontent.com/blob/Qg5_Ia7UpGJAP4yDn_4bG-l0gH2p_52hIWVsrvx41Tjs"
      },
      "package.json": {
        "type": "file",
        "link": "/npm/package/security-ebay/files/99.99.999/package.json",
        "raw_link": null
      },
      "README.md": {
        "type": "file",
        "link": "/npm/package/security-ebay/files/99.99.999/README.md",
        "raw_link": null
      }
    },
    "analysis_mode": "suspicious",
    "total_versions": 3
  },
  "package_url": "https://www.npmjs.com/package/security-ebay",
  "reprocessed": true,
  "original_issues": [
    "files_without_raw: 2/3"
  ]
}