{
  "ghsa_id": null,
  "summary": null,
  "package_name": "sellyourvault",
  "package_manager": "npm",
  "socket_data": {
    "package_name": "sellyourvault",
    "package_manager": "npm",
    "suspicious_versions": [
      "12.6.7"
    ],
    "checked_versions": [
      "12.6.7"
    ],
    "repository_structure": {
      "index.js": {
        "type": "file",
        "link": "/npm/package/sellyourvault/files/12.6.7/index.js",
        "raw_link": null
      },
      "package.json": {
        "type": "file",
        "link": "/npm/package/sellyourvault/files/12.6.7/package.json",
        "raw_link": "https://socketusercontent.com/blob/QTK55rCJh5VrLCOFcjysR_Cn9g_okfuqxAF-wdZC97K4"
      }
    },
    "analysis_mode": "suspicious",
    "total_versions": 2
  },
  "package_url": "https://www.npmjs.com/package/sellyourvault",
  "reprocessed": true,
  "original_issues": [
    "files_without_raw: 2/2"
  ]
}