{
  "ghsa_id": null,
  "summary": null,
  "package_name": "service-bus-v9",
  "package_manager": "npm",
  "socket_data": {
    "package_name": "service-bus-v9",
    "package_manager": "npm",
    "suspicious_versions": [
      "99.10.9"
    ],
    "checked_versions": [
      "99.10.9"
    ],
    "repository_structure": {
      "index.js": {
        "type": "file",
        "link": "/npm/package/service-bus-v9/files/99.10.9/index.js",
        "raw_link": null
      },
      "package.json": {
        "type": "file",
        "link": "/npm/package/service-bus-v9/files/99.10.9/package.json",
        "raw_link": null
      }
    },
    "analysis_mode": "suspicious",
    "total_versions": 2
  },
  "package_url": "https://www.npmjs.com/package/service-bus-v9",
  "reprocessed": true,
  "original_issues": [
    "files_without_raw: 1/2"
  ]
}