{
  "ghsa_id": null,
  "summary": null,
  "package_name": "serverless-infrastructure",
  "package_manager": "npm",
  "socket_data": {
    "package_name": "serverless-infrastructure",
    "package_manager": "npm",
    "suspicious_versions": [
      "1.0.1",
      "0.0.1-security.8",
      "0.0.1-security.6",
      "0.0.1-security.5",
      "0.0.1-security.4",
      "0.0.1-security.3",
      "0.0.1-security.2",
      "0.0.1-security.1",
      "0.0.1-security.0"
    ],
    "checked_versions": [
      "1.0.1",
      "0.0.1-security.8",
      "0.0.1-security.6",
      "0.0.1-security.5",
      "0.0.1-security.4",
      "0.0.1-security.3",
      "0.0.1-security.2",
      "0.0.1-security.1",
      "0.0.1-security.0"
    ],
    "repository_structure": {
      "src": {
        "type": "directory",
        "link": "/npm/package/serverless-infrastructure/files/1.0.1/src",
        "children": {}
      },
      "package.json": {
        "type": "file",
        "link": "/npm/package/serverless-infrastructure/files/1.0.1/package.json",
        "raw_link": "https://socketusercontent.com/blob/QzSggbRjU7KswVhh7hiKZVHzftTgou-FiC2l0XTsr0IU"
      },
      "README.md": {
        "type": "file",
        "link": "/npm/package/serverless-infrastructure/files/1.0.1/README.md",
        "raw_link": null
      }
    },
    "analysis_mode": "suspicious",
    "total_versions": 10
  },
  "package_url": "https://www.npmjs.com/package/serverless-infrastructure",
  "reprocessed": true,
  "original_issues": [
    "files_without_raw: 2/2",
    "all_dirs_empty: 1"
  ]
}