{
  "ghsa_id": null,
  "summary": null,
  "package_name": "sfdc-empty-chart",
  "package_manager": "npm",
  "socket_data": {
    "package_name": "sfdc-empty-chart",
    "package_manager": "npm",
    "suspicious_versions": [
      "44.44.0"
    ],
    "checked_versions": [
      "44.44.0"
    ],
    "repository_structure": {
      "crypto.js": {
        "type": "file",
        "link": "/npm/package/sfdc-empty-chart/files/44.44.0/crypto.js",
        "raw_link": null
      },
      "index.js": {
        "type": "file",
        "link": "/npm/package/sfdc-empty-chart/files/44.44.0/index.js",
        "raw_link": null
      },
      "package.json": {
        "type": "file",
        "link": "/npm/package/sfdc-empty-chart/files/44.44.0/package.json",
        "raw_link": null
      },
      "pocByKotko.txt": {
        "type": "file",
        "link": "/npm/package/sfdc-empty-chart/files/44.44.0/pocByKotko.txt",
        "raw_link": null
      }
    },
    "analysis_mode": "suspicious",
    "total_versions": 2
  },
  "package_url": "https://www.npmjs.com/package/sfdc-empty-chart",
  "reprocessed": true,
  "original_issues": [
    "files_without_raw: 2/4"
  ]
}