{
  "ghsa_id": null,
  "summary": null,
  "package_name": "shopee-ui-react4",
  "package_manager": "npm",
  "socket_data": {
    "package_name": "shopee-ui-react4",
    "package_manager": "npm",
    "suspicious_versions": [
      "9.5.5"
    ],
    "checked_versions": [
      "9.5.5"
    ],
    "repository_structure": {
      "index.js": {
        "type": "file",
        "link": "/npm/package/shopee-ui-react4/files/9.5.5/index.js",
        "raw_link": "https://socketusercontent.com/blob/Qkg2gkX2_fq1VMUBrMk3oNlbJCjkXb1N3wSP-NtJXZos"
      },
      "package.json": {
        "type": "file",
        "link": "/npm/package/shopee-ui-react4/files/9.5.5/package.json",
        "raw_link": null
      }
    },
    "analysis_mode": "suspicious",
    "total_versions": 2
  },
  "package_url": "https://www.npmjs.com/package/shopee-ui-react4",
  "reprocessed": true,
  "original_issues": [
    "files_without_raw: 1/2"
  ]
}