{
  "ghsa_id": null,
  "summary": null,
  "package_name": "shopify_supply",
  "package_manager": "npm",
  "socket_data": {
    "package_name": "shopify_supply",
    "package_manager": "npm",
    "suspicious_versions": [
      "99.10.8"
    ],
    "checked_versions": [
      "99.10.8"
    ],
    "repository_structure": {
      "index.js": {
        "type": "file",
        "link": "/npm/package/shopify_supply/files/99.10.8/index.js",
        "raw_link": "https://socketusercontent.com/blob/QO_jcH3C4SA4UqmEHRb4rRzYByAm60VZf_qstY41ZQPg"
      },
      "package.json": {
        "type": "file",
        "link": "/npm/package/shopify_supply/files/99.10.8/package.json",
        "raw_link": "https://socketusercontent.com/blob/QFcMbqyheQXN2q5EYMGxd7KMR-U3AEmPqMQREZWBV3sk"
      }
    },
    "analysis_mode": "suspicious",
    "total_versions": 2
  },
  "package_url": "https://www.npmjs.com/package/shopify_supply",
  "reprocessed": true,
  "original_issues": [
    "files_without_raw: 1/2"
  ]
}