{
  "ghsa_id": "GHSA-74xm-42r7-wgww",
  "summary": "Malware in sifchain-changes-server",
  "package_name": "sifchain-changes-server",
  "package_manager": "npm",
  "socket_data": {
    "package_name": "sifchain-changes-server",
    "package_manager": "npm",
    "suspicious_versions": [
      "2.0.5"
    ],
    "checked_versions": [
      "2.0.5"
    ],
    "analysis_mode": "suspicious",
    "total_versions": 2,
    "message": "No repository structure found"
  },
  "package_url": "https://www.npmjs.com/package/sifchain-changes-server"
}