{
  "ghsa_id": null,
  "summary": null,
  "package_name": "smartling-openapi-spec",
  "package_manager": "npm",
  "socket_data": {
    "package_name": "smartling-openapi-spec",
    "package_manager": "npm",
    "suspicious_versions": [
      "9.10.10",
      "1.0.0"
    ],
    "checked_versions": [
      "9.10.10",
      "1.0.0"
    ],
    "repository_structure": {
      "index.js": {
        "type": "file",
        "link": "/npm/package/smartling-openapi-spec/files/9.10.10/index.js",
        "raw_link": "https://socketusercontent.com/blob/QzKE4t4Wu7kZPAbbwxnyBfkK1n08hbVHwZogOx3ozuIQ"
      },
      "package.json": {
        "type": "file",
        "link": "/npm/package/smartling-openapi-spec/files/9.10.10/package.json",
        "raw_link": null
      }
    },
    "analysis_mode": "suspicious",
    "total_versions": 3
  },
  "package_url": "https://www.npmjs.com/package/smartling-openapi-spec",
  "reprocessed": true,
  "original_issues": [
    "files_without_raw: 2/2"
  ]
}