{
  "ghsa_id": null,
  "summary": null,
  "package_name": "somepackage-marksl",
  "package_manager": "npm",
  "socket_data": {
    "package_name": "somepackage-marksl",
    "package_manager": "npm",
    "suspicious_versions": [
      "2.0.5",
      "2.0.4",
      "2.0.3",
      "2.0.2",
      "2.0.1",
      "2.0.0",
      "1.0.14",
      "1.0.13",
      "1.0.12",
      "1.0.11",
      "1.0.10",
      "1.0.9",
      "1.0.8",
      "1.0.7",
      "1.0.6",
      "1.0.5",
      "1.0.4",
      "1.0.3",
      "1.0.2",
      "1.0.1",
      "1.0.0"
    ],
    "checked_versions": [
      "2.0.5",
      "2.0.4",
      "2.0.3",
      "2.0.2",
      "2.0.1",
      "2.0.0",
      "1.0.14",
      "1.0.13",
      "1.0.12",
      "1.0.11",
      "1.0.10",
      "1.0.9",
      "1.0.8",
      "1.0.7",
      "1.0.6",
      "1.0.5",
      "1.0.4",
      "1.0.3",
      "1.0.2",
      "1.0.1",
      "1.0.0"
    ],
    "repository_structure": {
      "bin": {
        "type": "directory",
        "link": "/npm/package/somepackage-marksl/files/2.0.4/bin",
        "children": {}
      },
      "index.js": {
        "type": "file",
        "link": "/npm/package/somepackage-marksl/files/2.0.4/index.js",
        "raw_link": "https://socketusercontent.com/blob/QOf-d86b5cdpgrmyarBbq2dqcgIWTJVs-62y8ng60yFw"
      },
      "package.json": {
        "type": "file",
        "link": "/npm/package/somepackage-marksl/files/2.0.4/package.json",
        "raw_link": "https://socketusercontent.com/blob/QtwXi9FAVfv8pV_GGKxAOVJNcnBiiqag3NjoCLgu9BUY"
      },
      "README.md": {
        "type": "file",
        "link": "/npm/package/somepackage-marksl/files/2.0.4/README.md",
        "raw_link": null
      },
      "xss.html": {
        "type": "file",
        "link": "/npm/package/somepackage-marksl/files/2.0.4/xss.html",
        "raw_link": "https://socketusercontent.com/blob/Qatg-Qm42CA3vKAvdcuwh_izGuu_NPJQOAIY2FgUTs7E"
      }
    },
    "analysis_mode": "suspicious",
    "total_versions": 22
  },
  "package_url": "https://www.npmjs.com/package/somepackage-marksl",
  "reprocessed": true,
  "original_issues": [
    "files_without_raw: 3/4",
    "all_dirs_empty: 1"
  ]
}