{
  "ghsa_id": "GHSA-6wjp-3g39-wq4m",
  "summary": "Malware in specialist-pwm",
  "package_name": "specialist-pwm",
  "package_manager": "npm",
  "socket_data": {
    "package_name": "specialist-pwm",
    "package_manager": "npm",
    "suspicious_versions": [
      "1.0.3",
      "1.0.2"
    ],
    "checked_versions": [
      "1.0.3",
      "1.0.2"
    ],
    "repository_structure": {
      "package.json": {
        "type": "file",
        "link": "/npm/package/specialist-pwm/files/1.0.3/package.json",
        "raw_link": "https://socketusercontent.com/blob/Q3Forr0QqQd8oBx-logz0eLPo8042FcJUqDFkNoTdYBA"
      }
    },
    "analysis_mode": "suspicious",
    "total_versions": 3
  },
  "package_url": "https://www.npmjs.com/package/specialist-pwm"
}