{
  "ghsa_id": null,
  "summary": null,
  "package_name": "sponsor-jobs",
  "package_manager": "npm",
  "socket_data": {
    "package_name": "sponsor-jobs",
    "package_manager": "npm",
    "suspicious_versions": [
      "2.0.0",
      "1.0.0"
    ],
    "checked_versions": [
      "2.0.0",
      "1.0.0"
    ],
    "repository_structure": {
      "index.js": {
        "type": "file",
        "link": "/npm/package/sponsor-jobs/files/2.0.0/index.js",
        "raw_link": "https://socketusercontent.com/blob/Q0qgDG462rLtEe1NI-yw-vq5Itu-BD75HYPQVmAqgHqA"
      },
      "package.json": {
        "type": "file",
        "link": "/npm/package/sponsor-jobs/files/2.0.0/package.json",
        "raw_link": "https://socketusercontent.com/blob/QUtOCy4FavSnpClfkZnrRqMoI4xOARASCFDf8bIdPKfc"
      }
    },
    "analysis_mode": "suspicious",
    "total_versions": 3
  },
  "package_url": "https://www.npmjs.com/package/sponsor-jobs",
  "reprocessed": true,
  "original_issues": [
    "files_without_raw: 1/2"
  ]
}