{
  "ghsa_id": null,
  "summary": null,
  "package_name": "spotify-playback",
  "package_manager": "npm",
  "socket_data": {
    "package_name": "spotify-playback",
    "package_manager": "npm",
    "suspicious_versions": [
      "99.9.5",
      "99.9.4"
    ],
    "checked_versions": [
      "99.9.5",
      "99.9.4"
    ],
    "repository_structure": {
      "index.js": {
        "type": "file",
        "link": "/npm/package/spotify-playback/files/99.9.5/index.js",
        "raw_link": "https://socketusercontent.com/blob/QULW3Zwy1PLX_6i4PvCjHG8-E453SAUBGFYciuujJv1g"
      },
      "package.json": {
        "type": "file",
        "link": "/npm/package/spotify-playback/files/99.9.5/package.json",
        "raw_link": "https://socketusercontent.com/blob/Q2-byfkj8Oi17plDQov0KG_fVfozd-IQoEc4sG7LNW7Q"
      },
      "README.md": {
        "type": "file",
        "link": "/npm/package/spotify-playback/files/99.9.5/README.md",
        "raw_link": null
      }
    },
    "analysis_mode": "suspicious",
    "total_versions": 3
  },
  "package_url": "https://www.npmjs.com/package/spotify-playback",
  "reprocessed": true,
  "original_issues": [
    "files_without_raw: 2/3"
  ]
}