{
  "ghsa_id": "GHSA-69xc-r8cg-cqcp",
  "summary": "Malware in ssifchain-monorepo",
  "package_name": "ssifchain-monorepo",
  "package_manager": "npm",
  "socket_data": {
    "package_name": "ssifchain-monorepo",
    "package_manager": "npm",
    "suspicious_versions": [
      "6.0.0"
    ],
    "checked_versions": [
      "6.0.0"
    ],
    "repository_structure": {
      "package.json": {
        "type": "file",
        "link": "/npm/package/ssifchain-monorepo/files/6.0.0/package.json",
        "raw_link": "https://socketusercontent.com/blob/Q8oYcFmGZQbm0_Dq42c7N0EBrDSgon0mXK6oUilAWBgM"
      }
    },
    "analysis_mode": "suspicious",
    "total_versions": 2
  },
  "package_url": "https://www.npmjs.com/package/ssifchain-monorepo"
}