{
  "ghsa_id": null,
  "summary": null,
  "package_name": "storyteq-landingspage",
  "package_manager": "npm",
  "socket_data": {
    "package_name": "storyteq-landingspage",
    "package_manager": "npm",
    "suspicious_versions": [
      "1.0.9",
      "1.0.8",
      "1.0.7",
      "1.0.5",
      "1.0.4",
      "1.0.3",
      "1.0.1",
      "1.0.0"
    ],
    "checked_versions": [
      "1.0.9",
      "1.0.8",
      "1.0.7",
      "1.0.5",
      "1.0.4",
      "1.0.3",
      "1.0.1",
      "1.0.0"
    ],
    "repository_structure": {
      "extract.js": {
        "type": "file",
        "link": "/npm/package/storyteq-landingspage/files/1.0.9/extract.js",
        "raw_link": "https://socketusercontent.com/blob/QZIFRjg8dB75LSHOzf2JX0TfYouXe74kj1YZ7o5nzAXM"
      },
      "package.json": {
        "type": "file",
        "link": "/npm/package/storyteq-landingspage/files/1.0.9/package.json",
        "raw_link": "https://socketusercontent.com/blob/QuS1MBclmUR2hI7EXAPCE77a_-KBTJquwj5CDf9J-lhk"
      }
    },
    "analysis_mode": "suspicious",
    "total_versions": 9
  },
  "package_url": "https://www.npmjs.com/package/storyteq-landingspage",
  "reprocessed": true,
  "original_issues": [
    "files_without_raw: 1/2"
  ]
}