{
  "ghsa_id": "GHSA-6cxf-q7v2-gx9h",
  "summary": "Malware in strapi-provider-upload-aws-s3-auth",
  "package_name": "strapi-provider-upload-aws-s3-auth",
  "package_manager": "npm",
  "socket_data": {
    "package_name": "strapi-provider-upload-aws-s3-auth",
    "package_manager": "npm",
    "suspicious_versions": [
      "0.2.0"
    ],
    "checked_versions": [
      "0.2.0"
    ],
    "repository_structure": {
      "exploit.sh": {
        "type": "file",
        "link": "/npm/package/strapi-provider-upload-aws-s3-auth/files/0.2.0/exploit.sh",
        "raw_link": "https://socketusercontent.com/blob/QkcvKVMMIV8sb39jDn7WPjWOoGky5g9FMGtG72VyDv-k"
      },
      "package.json": {
        "type": "file",
        "link": "/npm/package/strapi-provider-upload-aws-s3-auth/files/0.2.0/package.json",
        "raw_link": "https://socketusercontent.com/blob/QBAy79vVd0cTlg64h4d_DL-iiAsllj1ggff-xYYLQFYA"
      }
    },
    "analysis_mode": "suspicious",
    "total_versions": 2
  },
  "package_url": "https://www.npmjs.com/package/strapi-provider-upload-aws-s3-auth"
}