{
  "ghsa_id": null,
  "summary": null,
  "package_name": "stylee-logo",
  "package_manager": "npm",
  "socket_data": {
    "package_name": "stylee-logo",
    "package_manager": "npm",
    "suspicious_versions": [],
    "checked_versions": [
      "0.0.1-security"
    ],
    "analysis_mode": "all_versions",
    "total_versions": 1,
    "message": "No repository structure found"
  },
  "package_url": "https://www.npmjs.com/package/stylee-logo",
  "reprocessed": true,
  "original_issues": [
    "files_without_raw: 2/2"
  ]
}