{
  "ghsa_id": null,
  "summary": null,
  "package_name": "suhallowexqual",
  "package_manager": "npm",
  "socket_data": {
    "message": "Failed to fetch data: 422 Client Error: Unprocessable Entity for url: https://api.zenrows.com/v1/?url=https%3A%2F%2Fsocket.dev%2Fnpm%2Fpackage%2Fsuhallowexqual&apikey=e1c7c316eb7ca923f1e49285cf628780caa4ee86&js_render=true"
  },
  "package_url": "https://www.npmjs.com/package/suhallowexqual",
  "reprocessed": true,
  "original_issues": [
    "files_without_raw: 3/5"
  ]
}