{
  "ghsa_id": "GHSA-6659-x6vx-428w",
  "summary": "Malware in svelte-intl",
  "package_name": "svelte-intl",
  "package_manager": "npm",
  "socket_data": {
    "package_name": "svelte-intl",
    "package_manager": "npm",
    "suspicious_versions": [
      "0.0.1-security"
    ],
    "checked_versions": [
      "0.0.1-security"
    ],
    "repository_structure": {
      "package.json": {
        "type": "file",
        "link": "/npm/package/svelte-intl/files/0.0.1-security/package.json",
        "raw_link": "https://socketusercontent.com/blob/QhRc-s_HwGljB5ONzS8PdjT6AtA84yKkNgmRucyHmPDs"
      },
      "README.md": {
        "type": "file",
        "link": "/npm/package/svelte-intl/files/0.0.1-security/README.md",
        "raw_link": "https://socketusercontent.com/blob/QNMfYLm-d-UeFSDlAFl6LE3tGB7vtmRZDpidZzxmw5s4"
      }
    },
    "analysis_mode": "suspicious",
    "total_versions": 20
  },
  "package_url": "https://www.npmjs.com/package/svelte-intl"
}