{
  "ghsa_id": null,
  "summary": null,
  "package_name": "sync-express",
  "package_manager": "npm",
  "socket_data": {
    "package_name": "sync-express",
    "package_manager": "npm",
    "suspicious_versions": [
      "2.0.0",
      "1.0.0"
    ],
    "checked_versions": [
      "2.0.0",
      "1.0.0"
    ],
    "repository_structure": {
      "express.js": {
        "type": "file",
        "link": "/npm/package/sync-express/files/2.0.0/express.js",
        "raw_link": null
      },
      "package.json": {
        "type": "file",
        "link": "/npm/package/sync-express/files/2.0.0/package.json",
        "raw_link": "https://socketusercontent.com/blob/Q-CeRc--PrUJLaUGF50uwv_qQJiVwwCpp8p4sfbhmUeU"
      }
    },
    "analysis_mode": "suspicious",
    "total_versions": 3
  },
  "package_url": "https://www.npmjs.com/package/sync-express",
  "reprocessed": true,
  "original_issues": [
    "files_without_raw: 2/2"
  ]
}