{
  "ghsa_id": null,
  "summary": null,
  "package_name": "system-health-sync-api",
  "package_manager": "npm",
  "socket_data": {
    "package_name": "system-health-sync-api",
    "package_manager": "npm",
    "suspicious_versions": [
      "1.0.7",
      "1.0.6",
      "1.0.5",
      "1.0.4",
      "1.0.3"
    ],
    "checked_versions": [
      "1.0.7",
      "1.0.6",
      "1.0.5",
      "1.0.4",
      "1.0.3"
    ],
    "repository_structure": {
      "lib": {
        "type": "directory",
        "link": "/npm/package/system-health-sync-api/files/1.0.7/lib",
        "children": {}
      },
      "index.js": {
        "type": "file",
        "link": "/npm/package/system-health-sync-api/files/1.0.7/index.js",
        "raw_link": "https://socketusercontent.com/blob/QfEuQPOS9Qf1wboQPuL7JTDLZMXK4Eb9oEdy4S1vm3jg"
      },
      "package.json": {
        "type": "file",
        "link": "/npm/package/system-health-sync-api/files/1.0.7/package.json",
        "raw_link": null
      }
    },
    "analysis_mode": "suspicious",
    "total_versions": 6
  },
  "package_url": "https://www.npmjs.com/package/system-health-sync-api",
  "reprocessed": true,
  "original_issues": [
    "files_without_raw: 2/2",
    "all_dirs_empty: 1"
  ]
}