{
  "ghsa_id": null,
  "summary": null,
  "package_name": "t8h4q4",
  "package_manager": "npm",
  "socket_data": {
    "package_name": "t8h4q4",
    "package_manager": "npm",
    "suspicious_versions": [
      "2.2.6"
    ],
    "checked_versions": [
      "2.2.6"
    ],
    "repository_structure": {
      "package.json": {
        "type": "file",
        "link": "/npm/package/t8h4q4/files/2.2.6/package.json",
        "raw_link": "https://socketusercontent.com/blob/QPv1sj4bW-RGMuo37U9qrx3EQx_yvyr1poffaDzqKotA"
      },
      "readme.md": {
        "type": "file",
        "link": "/npm/package/t8h4q4/files/2.2.6/readme.md",
        "raw_link": "https://socketusercontent.com/blob/QJ-16EY30LIHyiFDNHkKlyjUQLdFqhIJBnTjcIUXzgz0"
      }
    },
    "analysis_mode": "suspicious",
    "total_versions": 2
  },
  "package_url": "https://www.npmjs.com/package/t8h4q4",
  "reprocessed": true,
  "original_issues": [
    "files_without_raw: 2/2"
  ]
}