{
  "ghsa_id": null,
  "summary": null,
  "package_name": "taxi-localization",
  "package_manager": "npm",
  "socket_data": {
    "package_name": "taxi-localization",
    "package_manager": "npm",
    "suspicious_versions": [
      "5.10.3",
      "5.0.18"
    ],
    "checked_versions": [
      "5.10.3",
      "5.0.18"
    ],
    "repository_structure": {
      "package.json": {
        "type": "file",
        "link": "/npm/package/taxi-localization/files/5.10.3/package.json",
        "raw_link": "https://socketusercontent.com/blob/Q5NXcCnow0ZL9uGm5RsgB4HAEbXLLYN6g1l0D-0etB2c"
      }
    },
    "analysis_mode": "suspicious",
    "total_versions": 3
  },
  "package_url": "https://www.npmjs.com/package/taxi-localization",
  "reprocessed": true,
  "original_issues": [
    "files_without_raw: 1/1"
  ]
}