{
  "ghsa_id": "GHSA-rffc-452h-7hf6",
  "summary": "Malware in tdv2-applet-userintent",
  "package_name": "tdv2-applet-userintent",
  "package_manager": "npm",
  "socket_data": {
    "message": "Failed to fetch data: 422 Client Error: Unprocessable Entity for url: https://api.zenrows.com/v1/?url=https%3A%2F%2Fsocket.dev%2Fnpm%2Fpackage%2Ftdv2-applet-userintent&apikey=e1c7c316eb7ca923f1e49285cf628780caa4ee86&js_render=true"
  },
  "package_url": "https://www.npmjs.com/package/tdv2-applet-userintent"
}