{
  "ghsa_id": null,
  "summary": null,
  "package_name": "telegramclients",
  "package_manager": "npm",
  "socket_data": {
    "package_name": "telegramclients",
    "package_manager": "npm",
    "suspicious_versions": [
      "2.22.12",
      "2.22.11",
      "2.22.10",
      "2.22.9",
      "1.0.0"
    ],
    "checked_versions": [
      "2.22.12",
      "2.22.11",
      "2.22.10",
      "2.22.9",
      "1.0.0"
    ],
    "repository_structure": {
      "index.js": {
        "type": "file",
        "link": "/npm/package/telegramclients/files/2.22.12/index.js",
        "raw_link": null
      },
      "package.json": {
        "type": "file",
        "link": "/npm/package/telegramclients/files/2.22.12/package.json",
        "raw_link": null
      },
      "README.md": {
        "type": "file",
        "link": "/npm/package/telegramclients/files/2.22.12/README.md",
        "raw_link": null
      }
    },
    "analysis_mode": "suspicious",
    "total_versions": 6
  },
  "package_url": "https://www.npmjs.com/package/telegramclients",
  "reprocessed": true,
  "original_issues": [
    "files_without_raw: 3/3"
  ]
}