{
  "ghsa_id": null,
  "summary": null,
  "package_name": "tgi-fe",
  "package_manager": "npm",
  "socket_data": {
    "package_name": "tgi-fe",
    "package_manager": "npm",
    "suspicious_versions": [
      "10.6.1"
    ],
    "checked_versions": [
      "10.6.1"
    ],
    "repository_structure": {
      "index.js": {
        "type": "file",
        "link": "/npm/package/tgi-fe/files/10.6.1/index.js",
        "raw_link": "https://socketusercontent.com/blob/QDMeGLas83lCnUVPCJ2wNFjENgTOLz3K0Bgv8Owy8TT8"
      },
      "package.json": {
        "type": "file",
        "link": "/npm/package/tgi-fe/files/10.6.1/package.json",
        "raw_link": "https://socketusercontent.com/blob/QR351NMMZtDNJQ_P8iqItd7L5A4imUG6Zs3op-KqtQp4"
      }
    },
    "analysis_mode": "suspicious",
    "total_versions": 2
  },
  "package_url": "https://www.npmjs.com/package/tgi-fe",
  "reprocessed": true,
  "original_issues": [
    "files_without_raw: 1/2"
  ]
}