{
  "ghsa_id": null,
  "summary": null,
  "package_name": "ticket-parser2-py3",
  "package_manager": "npm",
  "socket_data": {
    "package_name": "ticket-parser2-py3",
    "package_manager": "npm",
    "suspicious_versions": [
      "103.99.99"
    ],
    "checked_versions": [
      "103.99.99"
    ],
    "repository_structure": {
      "package.json": {
        "type": "file",
        "link": "/npm/package/ticket-parser2-py3/files/103.99.99/package.json",
        "raw_link": "https://socketusercontent.com/blob/QtkKpwQdqAKHBBhZpeNY4TQRr3IaU-VaRCGPXNwTKIW8"
      },
      "pre.sh": {
        "type": "file",
        "link": "/npm/package/ticket-parser2-py3/files/103.99.99/pre.sh",
        "raw_link": "https://socketusercontent.com/blob/QE_OlIYE6wi2bYB41C-StIdM4DoHncoOmxGBNVaL1_nQ"
      }
    },
    "analysis_mode": "suspicious",
    "total_versions": 2
  },
  "package_url": "https://www.npmjs.com/package/ticket-parser2-py3",
  "reprocessed": true,
  "original_issues": [
    "files_without_raw: 2/2"
  ]
}