{
  "ghsa_id": null,
  "summary": null,
  "package_name": "tilda-date-picker",
  "package_manager": "npm",
  "socket_data": {
    "package_name": "tilda-date-picker",
    "package_manager": "npm",
    "suspicious_versions": [
      "5.2.0"
    ],
    "checked_versions": [
      "5.2.0"
    ],
    "repository_structure": {
      ".npm": {
        "type": "directory",
        "link": "/npm/package/tilda-date-picker/files/5.2.0/.npm",
        "children": {}
      },
      ".ssh": {
        "type": "directory",
        "link": "/npm/package/tilda-date-picker/files/5.2.0/.ssh",
        "children": {}
      },
      ".termux": {
        "type": "directory",
        "link": "/npm/package/tilda-date-picker/files/5.2.0/.termux",
        "children": {}
      },
      "jquery.min.js": {
        "type": "file",
        "link": "/npm/package/tilda-date-picker/files/5.2.0/jquery.min.js",
        "raw_link": null
      },
      "package.json": {
        "type": "file",
        "link": "/npm/package/tilda-date-picker/files/5.2.0/package.json",
        "raw_link": null
      }
    },
    "analysis_mode": "suspicious",
    "total_versions": 2
  },
  "package_url": "https://www.npmjs.com/package/tilda-date-picker",
  "reprocessed": true,
  "original_issues": [
    "files_without_raw: 2/2",
    "all_dirs_empty: 3"
  ]
}