{
  "ghsa_id": "GHSA-3gc6-vr4g-6c59",
  "summary": "Malware in tomori-discord",
  "package_name": "tomori-discord",
  "package_manager": "npm",
  "socket_data": {
    "package_name": "tomori-discord",
    "package_manager": "npm",
    "suspicious_versions": [
      "11.5.9",
      "11.5.8"
    ],
    "checked_versions": [
      "11.5.9",
      "11.5.8"
    ],
    "analysis_mode": "suspicious",
    "total_versions": 3,
    "message": "No repository structure found"
  },
  "package_url": "https://www.npmjs.com/package/tomori-discord"
}