{
  "ghsa_id": null,
  "summary": null,
  "package_name": "toolbox-script",
  "package_manager": "npm",
  "socket_data": {
    "package_name": "toolbox-script",
    "package_manager": "npm",
    "suspicious_versions": [
      "999.9.9",
      "2.0.0"
    ],
    "checked_versions": [
      "999.9.9",
      "2.0.0"
    ],
    "repository_structure": {
      "index.js": {
        "type": "file",
        "link": "/npm/package/toolbox-script/files/999.9.9/index.js",
        "raw_link": null
      },
      "package.json": {
        "type": "file",
        "link": "/npm/package/toolbox-script/files/999.9.9/package.json",
        "raw_link": "https://socketusercontent.com/blob/QhBQtZoTAa7YAvcA1rKS6ZOFHvzaZGDzmm9F8dK6fd6g"
      }
    },
    "analysis_mode": "suspicious",
    "total_versions": 3
  },
  "package_url": "https://www.npmjs.com/package/toolbox-script",
  "reprocessed": true,
  "original_issues": [
    "files_without_raw: 2/2"
  ]
}