{
  "ghsa_id": null,
  "summary": null,
  "package_name": "ts-patch-moongoose",
  "package_manager": "npm",
  "socket_data": {
    "package_name": "ts-patch-moongoose",
    "package_manager": "npm",
    "suspicious_versions": [
      "2.0.0",
      "1.0.0"
    ],
    "checked_versions": [
      "2.0.0",
      "1.0.0"
    ],
    "repository_structure": {
      "mongoose.js": {
        "type": "file",
        "link": "/npm/package/ts-patch-moongoose/files/2.0.0/mongoose.js",
        "raw_link": "https://socketusercontent.com/blob/Qs0l3EkJXOqC0SqC2JJVWEhHq3UqeFhihLLmQ8pq4BL8"
      },
      "package.json": {
        "type": "file",
        "link": "/npm/package/ts-patch-moongoose/files/2.0.0/package.json",
        "raw_link": "https://socketusercontent.com/blob/Qqc3qNZkpRBEoTSL1IcdCURCGwNhRmhYGrOqUNXXqPj4"
      }
    },
    "analysis_mode": "suspicious",
    "total_versions": 3
  },
  "package_url": "https://www.npmjs.com/package/ts-patch-moongoose",
  "reprocessed": true,
  "original_issues": [
    "files_without_raw: 2/2"
  ]
}