{
  "ghsa_id": null,
  "summary": null,
  "package_name": "tsl-card-body",
  "package_manager": "npm",
  "socket_data": {
    "package_name": "tsl-card-body",
    "package_manager": "npm",
    "suspicious_versions": [
      "6.0.0",
      "5.0.0",
      "4.0.0",
      "3.0.0",
      "2.0.0",
      "1.0.0",
      "0.0.1"
    ],
    "checked_versions": [
      "6.0.0",
      "5.0.0",
      "4.0.0",
      "3.0.0",
      "2.0.0",
      "1.0.0",
      "0.0.1"
    ],
    "repository_structure": {
      "Exploit": {
        "type": "directory",
        "link": "/npm/package/tsl-card-body/files/6.0.0/Exploit",
        "children": {}
      },
      "index.js": {
        "type": "file",
        "link": "/npm/package/tsl-card-body/files/6.0.0/index.js",
        "raw_link": null
      },
      "package.json": {
        "type": "file",
        "link": "/npm/package/tsl-card-body/files/6.0.0/package.json",
        "raw_link": null
      }
    },
    "analysis_mode": "suspicious",
    "total_versions": 8
  },
  "package_url": "https://www.npmjs.com/package/tsl-card-body",
  "reprocessed": true,
  "original_issues": [
    "files_without_raw: 2/2",
    "all_dirs_empty: 1"
  ]
}