{
  "ghsa_id": null,
  "summary": null,
  "package_name": "twilio-video-diagnostics-react-app",
  "package_manager": "npm",
  "socket_data": {
    "package_name": "twilio-video-diagnostics-react-app",
    "package_manager": "npm",
    "suspicious_versions": [
      "1.2.0",
      "1.0.0"
    ],
    "checked_versions": [
      "1.2.0",
      "1.0.0"
    ],
    "repository_structure": {
      "index.js": {
        "type": "file",
        "link": "/npm/package/twilio-video-diagnostics-react-app/files/1.2.0/index.js",
        "raw_link": "https://socketusercontent.com/blob/Q2LNnEa1CvmuyzpENSFZWu_PAqu98nCoTUljO5GiXQ1c"
      },
      "package.json": {
        "type": "file",
        "link": "/npm/package/twilio-video-diagnostics-react-app/files/1.2.0/package.json",
        "raw_link": null
      }
    },
    "analysis_mode": "suspicious",
    "total_versions": 3
  },
  "package_url": "https://www.npmjs.com/package/twilio-video-diagnostics-react-app",
  "reprocessed": true,
  "original_issues": [
    "files_without_raw: 1/2"
  ]
}