{
  "ghsa_id": "GHSA-x75q-c25g-ccpw",
  "summary": "Malware in update-themes",
  "package_name": "update-themes",
  "package_manager": "npm",
  "socket_data": {
    "package_name": "update-themes",
    "package_manager": "npm",
    "suspicious_versions": [
      "99.99.99"
    ],
    "checked_versions": [
      "99.99.99"
    ],
    "analysis_mode": "suspicious",
    "total_versions": 2,
    "message": "No repository structure found"
  },
  "package_url": "https://www.npmjs.com/package/update-themes"
}