{
  "ghsa_id": null,
  "summary": null,
  "package_name": "usaa-modal",
  "package_manager": "npm",
  "socket_data": {
    "package_name": "usaa-modal",
    "package_manager": "npm",
    "suspicious_versions": [
      "3.9.9"
    ],
    "checked_versions": [
      "3.9.9"
    ],
    "repository_structure": {
      "package.json": {
        "type": "file",
        "link": "/npm/package/usaa-modal/files/3.9.9/package.json",
        "raw_link": "https://socketusercontent.com/blob/QtiBwnrA9w-DmkVxRl0xJzOX2w8u2QR2r1IbuEUIYtsM"
      },
      "poc.js": {
        "type": "file",
        "link": "/npm/package/usaa-modal/files/3.9.9/poc.js",
        "raw_link": null
      }
    },
    "analysis_mode": "suspicious",
    "total_versions": 2
  },
  "package_url": "https://www.npmjs.com/package/usaa-modal",
  "reprocessed": true,
  "original_issues": [
    "files_without_raw: 2/2"
  ]
}