{
  "ghsa_id": null,
  "summary": null,
  "package_name": "videoads-util-misc-general",
  "package_manager": "npm",
  "socket_data": {
    "package_name": "videoads-util-misc-general",
    "package_manager": "npm",
    "suspicious_versions": [
      "5.5.5"
    ],
    "checked_versions": [
      "5.5.5"
    ],
    "repository_structure": {
      "index.js": {
        "type": "file",
        "link": "/npm/package/videoads-util-misc-general/files/5.5.5/index.js",
        "raw_link": null
      },
      "package.json": {
        "type": "file",
        "link": "/npm/package/videoads-util-misc-general/files/5.5.5/package.json",
        "raw_link": null
      }
    },
    "analysis_mode": "suspicious",
    "total_versions": 1
  },
  "package_url": "https://www.npmjs.com/package/videoads-util-misc-general",
  "reprocessed": true,
  "original_issues": [
    "files_without_raw: 1/2"
  ]
}