{
  "ghsa_id": null,
  "summary": null,
  "package_name": "videoplayerbitrateestimator",
  "package_manager": "npm",
  "socket_data": {
    "package_name": "videoplayerbitrateestimator",
    "package_manager": "npm",
    "suspicious_versions": [],
    "checked_versions": [
      "0.0.1-security"
    ],
    "repository_structure": {
      "package.json": {
        "type": "file",
        "link": "/npm/package/videoplayerbitrateestimator/files/0.0.1-security/package.json",
        "raw_link": "https://socketusercontent.com/blob/QLwtULXFcQBLpoIopqCQ-hNM5d5UhEqmhUxX3DSo0t3k"
      },
      "README.md": {
        "type": "file",
        "link": "/npm/package/videoplayerbitrateestimator/files/0.0.1-security/README.md",
        "raw_link": "https://socketusercontent.com/blob/Q1J9KplD9l3ZBI5MccpXUvliYYO5MltcP3wmYKp18r1g"
      }
    },
    "analysis_mode": "all_versions",
    "total_versions": 1
  },
  "package_url": "https://www.npmjs.com/package/videoplayerbitrateestimator",
  "reprocessed": true,
  "original_issues": [
    "files_without_raw: 2/2"
  ]
}