{
  "ghsa_id": null,
  "summary": null,
  "package_name": "vite-auditlog",
  "package_manager": "npm",
  "socket_data": {
    "package_name": "vite-auditlog",
    "package_manager": "npm",
    "suspicious_versions": [
      "1.0.3",
      "1.0.2",
      "1.0.1"
    ],
    "checked_versions": [
      "1.0.3",
      "1.0.2",
      "1.0.1"
    ],
    "repository_structure": {
      "lib": {
        "type": "directory",
        "link": "/npm/package/vite-auditlog/files/1.0.3/lib",
        "children": {}
      },
      "commitlint.config.js": {
        "type": "file",
        "link": "/npm/package/vite-auditlog/files/1.0.3/commitlint.config.js",
        "raw_link": null
      },
      "index.js": {
        "type": "file",
        "link": "/npm/package/vite-auditlog/files/1.0.3/index.js",
        "raw_link": null
      },
      "LICENSE": {
        "type": "file",
        "link": "/npm/package/vite-auditlog/files/1.0.3/LICENSE",
        "raw_link": "https://socketusercontent.com/blob/QzWOXzjiavtCV4DZLKrMb8hC6tPjDAgWOSaJeS02sakg"
      },
      "package.json": {
        "type": "file",
        "link": "/npm/package/vite-auditlog/files/1.0.3/package.json",
        "raw_link": null
      },
      "Readme.md": {
        "type": "file",
        "link": "/npm/package/vite-auditlog/files/1.0.3/Readme.md",
        "raw_link": null
      }
    },
    "analysis_mode": "suspicious",
    "total_versions": 4
  },
  "package_url": "https://www.npmjs.com/package/vite-auditlog",
  "reprocessed": true,
  "original_issues": [
    "files_without_raw: 3/5",
    "all_dirs_empty: 1"
  ]
}