{
  "ghsa_id": null,
  "summary": null,
  "package_name": "vngage-scheduler",
  "package_manager": "npm",
  "socket_data": {
    "package_name": "vngage-scheduler",
    "package_manager": "npm",
    "suspicious_versions": [
      "1.0.2",
      "1.0.1",
      "1.0.0"
    ],
    "checked_versions": [
      "1.0.2",
      "1.0.1",
      "1.0.0"
    ],
    "repository_structure": {
      "dist": {
        "type": "directory",
        "link": "/npm/package/vngage-scheduler/files/1.0.2/dist",
        "children": {}
      },
      "index.js": {
        "type": "file",
        "link": "/npm/package/vngage-scheduler/files/1.0.2/index.js",
        "raw_link": "https://socketusercontent.com/blob/QgPITEj23PuWyh0DYGQPCGeVgD2Ou858lLaUX-rcz2K8"
      },
      "package.json": {
        "type": "file",
        "link": "/npm/package/vngage-scheduler/files/1.0.2/package.json",
        "raw_link": "https://socketusercontent.com/blob/QyYADS0tgREyaX0lBU93kzXenIm1EQVPStN70_At4UII"
      }
    },
    "analysis_mode": "suspicious",
    "total_versions": 4
  },
  "package_url": "https://www.npmjs.com/package/vngage-scheduler",
  "reprocessed": true,
  "original_issues": [
    "files_without_raw: 2/2",
    "all_dirs_empty: 1"
  ]
}