{
  "ghsa_id": null,
  "summary": null,
  "package_name": "vue-official-web",
  "package_manager": "npm",
  "socket_data": {
    "package_name": "vue-official-web",
    "package_manager": "npm",
    "suspicious_versions": [
      "14.9.9",
      "13.9.9",
      "12.9.9",
      "11.9.9",
      "10.9.9",
      "9.9.9",
      "8.9.9",
      "7.9.9",
      "6.9.9",
      "5.9.9",
      "4.9.9",
      "3.9.9",
      "2.9.9",
      "1.9.9",
      "1.0.0"
    ],
    "checked_versions": [
      "14.9.9",
      "13.9.9",
      "12.9.9",
      "11.9.9",
      "10.9.9",
      "9.9.9",
      "8.9.9",
      "7.9.9",
      "6.9.9",
      "5.9.9",
      "4.9.9",
      "3.9.9",
      "2.9.9",
      "1.9.9",
      "1.0.0"
    ],
    "repository_structure": {
      "index.js": {
        "type": "file",
        "link": "/npm/package/vue-official-web/files/14.9.9/index.js",
        "raw_link": "https://socketusercontent.com/blob/QUbNU5ciJdl5cztij4Fw4DMY8l2O6n-RYXclZz1KLhtA"
      },
      "package.json": {
        "type": "file",
        "link": "/npm/package/vue-official-web/files/14.9.9/package.json",
        "raw_link": null
      }
    },
    "analysis_mode": "suspicious",
    "total_versions": 16
  },
  "package_url": "https://www.npmjs.com/package/vue-official-web",
  "reprocessed": true,
  "original_issues": [
    "files_without_raw: 2/2"
  ]
}