{
  "ghsa_id": null,
  "summary": null,
  "package_name": "vuepress-reading-time-extended",
  "package_manager": "npm",
  "socket_data": {
    "package_name": "vuepress-reading-time-extended",
    "package_manager": "npm",
    "suspicious_versions": [
      "9.9.9"
    ],
    "checked_versions": [
      "9.9.9"
    ],
    "repository_structure": {
      "404.txt": {
        "type": "file",
        "link": "/npm/package/vuepress-reading-time-extended/files/9.9.9/404.txt",
        "raw_link": null
      },
      "index.js": {
        "type": "file",
        "link": "/npm/package/vuepress-reading-time-extended/files/9.9.9/index.js",
        "raw_link": "https://socketusercontent.com/blob/Qd3fyqiDUEvDmqzalAwLFLJDubPXxY7I22w8IxPbA3C4"
      },
      "package.json": {
        "type": "file",
        "link": "/npm/package/vuepress-reading-time-extended/files/9.9.9/package.json",
        "raw_link": null
      }
    },
    "analysis_mode": "suspicious",
    "total_versions": 2
  },
  "package_url": "https://www.npmjs.com/package/vuepress-reading-time-extended",
  "reprocessed": true,
  "original_issues": [
    "files_without_raw: 1/3"
  ]
}