{
  "ghsa_id": "GHSA-j5w4-487q-4xp5",
  "summary": "Malware in web-portal",
  "package_name": "web-portal",
  "package_manager": "npm",
  "socket_data": {
    "package_name": "web-portal",
    "package_manager": "npm",
    "suspicious_versions": [
      "3.0.2",
      "3.0.1"
    ],
    "checked_versions": [
      "3.0.2",
      "3.0.1"
    ],
    "analysis_mode": "suspicious",
    "total_versions": 3,
    "message": "No repository structure found"
  },
  "package_url": "https://www.npmjs.com/package/web-portal"
}