{
  "ghsa_id": null,
  "summary": null,
  "package_name": "web3tool-eth-personal",
  "package_manager": "npm",
  "socket_data": {
    "package_name": "web3tool-eth-personal",
    "package_manager": "npm",
    "suspicious_versions": [
      "4.0.5"
    ],
    "checked_versions": [
      "4.0.5"
    ],
    "repository_structure": {
      "lib": {
        "type": "directory",
        "link": "/npm/package/web3tool-eth-personal/files/4.0.5/lib",
        "children": {}
      },
      "src": {
        "type": "directory",
        "link": "/npm/package/web3tool-eth-personal/files/4.0.5/src",
        "children": {}
      },
      "package.json": {
        "type": "file",
        "link": "/npm/package/web3tool-eth-personal/files/4.0.5/package.json",
        "raw_link": "https://socketusercontent.com/blob/Q-t0uS-ct5zenx2boSJxzHL7HW_kiJZbzmwJVMq2-9xg"
      },
      "README.md": {
        "type": "file",
        "link": "/npm/package/web3tool-eth-personal/files/4.0.5/README.md",
        "raw_link": "https://socketusercontent.com/blob/Q-6MChsGXecxLaU3Ujf298aq87x8_G5wPvGop-1GBu6A"
      }
    },
    "analysis_mode": "suspicious",
    "total_versions": 2
  },
  "package_url": "https://www.npmjs.com/package/web3tool-eth-personal",
  "reprocessed": true,
  "original_issues": [
    "files_without_raw: 2/2",
    "all_dirs_empty: 2"
  ]
}