{
  "ghsa_id": "GHSA-3vq5-c2hf-q56j",
  "summary": "Malware in web3tool-eth-accounts",
  "package_name": "web3tool-eth-accounts",
  "package_manager": "npm",
  "socket_data": {
    "package_name": "web3tool-eth-accounts",
    "package_manager": "npm",
    "suspicious_versions": [
      "4.0.5"
    ],
    "checked_versions": [
      "4.0.5"
    ],
    "analysis_mode": "suspicious",
    "total_versions": 2,
    "message": "No repository structure found"
  },
  "package_url": "https://www.npmjs.com/package/web3tool-eth-accounts"
}