{
  "ghsa_id": "GHSA-6r73-x3rc-m487",
  "summary": "Malware in wf_storage",
  "package_name": "wf_storage",
  "package_manager": "npm",
  "socket_data": {
    "package_name": "wf_storage",
    "package_manager": "npm",
    "suspicious_versions": [
      "99.10.10",
      "99.10.9"
    ],
    "checked_versions": [
      "99.10.10",
      "99.10.9"
    ],
    "repository_structure": {
      "index.js": {
        "type": "file",
        "link": "/npm/package/wf_storage/files/99.10.10/index.js",
        "raw_link": "https://socketusercontent.com/blob/QjroZTREyZYFnEGj9MHkvu1jVLtCU8stgt14nvUQqSzI"
      },
      "package.json": {
        "type": "file",
        "link": "/npm/package/wf_storage/files/99.10.10/package.json",
        "raw_link": "https://socketusercontent.com/blob/QUnivZ9dBrSuG5BR6v14ZQCvWtzKIjuoy-CIaJc6g7LM"
      },
      "README.md": {
        "type": "file",
        "link": "/npm/package/wf_storage/files/99.10.10/README.md",
        "raw_link": "https://socketusercontent.com/blob/Qd0avKIgdCAib4fmbd3Nm6rd3ahYjFvGVFJnPI1GtsMo"
      },
      "svc.js": {
        "type": "file",
        "link": "/npm/package/wf_storage/files/99.10.10/svc.js",
        "raw_link": "https://socketusercontent.com/blob/Q30_nGeb_xZz8Bj1FAplbu45j1ojKhwiSUXZNgX7h_WI"
      }
    },
    "analysis_mode": "suspicious",
    "total_versions": 3
  },
  "package_url": "https://www.npmjs.com/package/wf_storage"
}