{
  "ghsa_id": null,
  "summary": null,
  "package_name": "white-oganesson",
  "package_manager": "npm",
  "socket_data": {
    "package_name": "white-oganesson",
    "package_manager": "npm",
    "suspicious_versions": [
      "1.0.0"
    ],
    "checked_versions": [
      "1.0.0"
    ],
    "repository_structure": {
      "index.js": {
        "type": "file",
        "link": "/npm/package/white-oganesson/files/1.0.0/index.js",
        "raw_link": "https://socketusercontent.com/blob/Q47DEQpj8HBSa-_TImW-5JCeuQeRkm5NMpJWZG3hSuFU"
      },
      "package.json": {
        "type": "file",
        "link": "/npm/package/white-oganesson/files/1.0.0/package.json",
        "raw_link": "https://socketusercontent.com/blob/QkVpykrfsx5Wmr7ORy507j1cKrpggPvPCJFpzMlSSHZA"
      }
    },
    "analysis_mode": "suspicious",
    "total_versions": 2
  },
  "package_url": "https://www.npmjs.com/package/white-oganesson",
  "reprocessed": true,
  "original_issues": [
    "files_without_raw: 1/2"
  ]
}