{
  "ghsa_id": null,
  "summary": null,
  "package_name": "wikiloop-doublecheck",
  "package_manager": "npm",
  "socket_data": {
    "package_name": "wikiloop-doublecheck",
    "package_manager": "npm",
    "suspicious_versions": [
      "3.0.0",
      "1.0.0"
    ],
    "checked_versions": [
      "3.0.0",
      "1.0.0"
    ],
    "repository_structure": {
      "index.js": {
        "type": "file",
        "link": "/npm/package/wikiloop-doublecheck/files/3.0.0/index.js",
        "raw_link": null
      },
      "package.json": {
        "type": "file",
        "link": "/npm/package/wikiloop-doublecheck/files/3.0.0/package.json",
        "raw_link": "https://socketusercontent.com/blob/Q2wIu13bFc3ocp5dHZSzRbYYJhLJiDJAagURTwth-n4I"
      }
    },
    "analysis_mode": "suspicious",
    "total_versions": 3
  },
  "package_url": "https://www.npmjs.com/package/wikiloop-doublecheck",
  "reprocessed": true,
  "original_issues": [
    "files_without_raw: 1/2"
  ]
}