{
  "ghsa_id": null,
  "summary": null,
  "package_name": "wix-chatbot-common",
  "package_manager": "npm",
  "socket_data": {
    "package_name": "wix-chatbot-common",
    "package_manager": "npm",
    "suspicious_versions": [
      "10.999.999",
      "9.999.999",
      "8.999.999",
      "7.999.999",
      "6.999.999",
      "5.999.999",
      "4.999.999",
      "3.999.999",
      "2.999.999",
      "1.999.999",
      "0.999.999"
    ],
    "checked_versions": [
      "10.999.999",
      "9.999.999",
      "8.999.999",
      "7.999.999",
      "6.999.999",
      "5.999.999",
      "4.999.999",
      "3.999.999",
      "2.999.999",
      "1.999.999",
      "0.999.999"
    ],
    "repository_structure": {
      "build.js": {
        "type": "file",
        "link": "/npm/package/wix-chatbot-common/files/10.999.999/build.js",
        "raw_link": "https://socketusercontent.com/blob/Q8pzUJOf95u7JZ0dbumpB1zTALARi8V8FqeU6bVutIpM"
      },
      "index.js": {
        "type": "file",
        "link": "/npm/package/wix-chatbot-common/files/10.999.999/index.js",
        "raw_link": null
      },
      "main.js": {
        "type": "file",
        "link": "/npm/package/wix-chatbot-common/files/10.999.999/main.js",
        "raw_link": "https://socketusercontent.com/blob/QxlINT1ZMR7X9Dmn8FKDMKN-iGACZTJtq7UAIH9wshGg"
      },
      "package.json": {
        "type": "file",
        "link": "/npm/package/wix-chatbot-common/files/10.999.999/package.json",
        "raw_link": null
      },
      "setup.sh": {
        "type": "file",
        "link": "/npm/package/wix-chatbot-common/files/10.999.999/setup.sh",
        "raw_link": "https://socketusercontent.com/blob/QJEcnBWIttZAdYSH5ZuKRL7wm8D310_qpRSpZ3KPEZzY"
      }
    },
    "analysis_mode": "suspicious",
    "total_versions": 12
  },
  "package_url": "https://www.npmjs.com/package/wix-chatbot-common",
  "reprocessed": true,
  "original_issues": [
    "files_without_raw: 5/5"
  ]
}