{
  "ghsa_id": "GHSA-j38f-p2w6-78v2",
  "summary": "Malware in wjakcgsxftuyhbir",
  "package_name": "wjakcgsxftuyhbir",
  "package_manager": "npm",
  "socket_data": {
    "package_name": "wjakcgsxftuyhbir",
    "package_manager": "npm",
    "suspicious_versions": [
      "0.1.91"
    ],
    "checked_versions": [
      "0.1.91"
    ],
    "analysis_mode": "suspicious",
    "total_versions": 2,
    "message": "No repository structure found"
  },
  "package_url": "https://www.npmjs.com/package/wjakcgsxftuyhbir"
}