{
  "ghsa_id": null,
  "summary": null,
  "package_name": "wlwz-2312-0508",
  "package_manager": "npm",
  "socket_data": {
    "package_name": "wlwz-2312-0508",
    "package_manager": "npm",
    "suspicious_versions": [
      "1.0.0"
    ],
    "checked_versions": [
      "1.0.0"
    ],
    "repository_structure": {
      "05080.ts": {
        "type": "file",
        "link": "/npm/package/wlwz-2312-0508/files/1.0.0/05080.ts",
        "raw_link": null
      },
      "05081.ts": {
        "type": "file",
        "link": "/npm/package/wlwz-2312-0508/files/1.0.0/05081.ts",
        "raw_link": null
      },
      "05082.ts": {
        "type": "file",
        "link": "/npm/package/wlwz-2312-0508/files/1.0.0/05082.ts",
        "raw_link": null
      },
      "05083.ts": {
        "type": "file",
        "link": "/npm/package/wlwz-2312-0508/files/1.0.0/05083.ts",
        "raw_link": null
      },
      "05084.ts": {
        "type": "file",
        "link": "/npm/package/wlwz-2312-0508/files/1.0.0/05084.ts",
        "raw_link": null
      },
      "05085.ts": {
        "type": "file",
        "link": "/npm/package/wlwz-2312-0508/files/1.0.0/05085.ts",
        "raw_link": null
      },
      "05086.ts": {
        "type": "file",
        "link": "/npm/package/wlwz-2312-0508/files/1.0.0/05086.ts",
        "raw_link": null
      },
      "package.json": {
        "type": "file",
        "link": "/npm/package/wlwz-2312-0508/files/1.0.0/package.json",
        "raw_link": null
      }
    },
    "analysis_mode": "suspicious",
    "total_versions": 1
  },
  "package_url": "https://www.npmjs.com/package/wlwz-2312-0508",
  "reprocessed": true,
  "original_issues": [
    "files_without_raw: 8/8"
  ]
}