{
  "ghsa_id": null,
  "summary": null,
  "package_name": "wlwz-2312-7408",
  "package_manager": "npm",
  "socket_data": {
    "package_name": "wlwz-2312-7408",
    "package_manager": "npm",
    "suspicious_versions": [
      "1.0.0"
    ],
    "checked_versions": [
      "1.0.0"
    ],
    "repository_structure": {
      "74080.ts": {
        "type": "file",
        "link": "/npm/package/wlwz-2312-7408/files/1.0.0/74080.ts",
        "raw_link": null
      },
      "74081.ts": {
        "type": "file",
        "link": "/npm/package/wlwz-2312-7408/files/1.0.0/74081.ts",
        "raw_link": null
      },
      "74082.ts": {
        "type": "file",
        "link": "/npm/package/wlwz-2312-7408/files/1.0.0/74082.ts",
        "raw_link": null
      },
      "74083.ts": {
        "type": "file",
        "link": "/npm/package/wlwz-2312-7408/files/1.0.0/74083.ts",
        "raw_link": null
      },
      "74084.ts": {
        "type": "file",
        "link": "/npm/package/wlwz-2312-7408/files/1.0.0/74084.ts",
        "raw_link": null
      },
      "74085.ts": {
        "type": "file",
        "link": "/npm/package/wlwz-2312-7408/files/1.0.0/74085.ts",
        "raw_link": null
      },
      "74086.ts": {
        "type": "file",
        "link": "/npm/package/wlwz-2312-7408/files/1.0.0/74086.ts",
        "raw_link": null
      },
      "package.json": {
        "type": "file",
        "link": "/npm/package/wlwz-2312-7408/files/1.0.0/package.json",
        "raw_link": null
      }
    },
    "analysis_mode": "suspicious",
    "total_versions": 1
  },
  "package_url": "https://www.npmjs.com/package/wlwz-2312-7408",
  "reprocessed": true,
  "original_issues": [
    "files_without_raw: 7/8"
  ]
}