{
  "ghsa_id": null,
  "summary": null,
  "package_name": "wlwz-2312-7808",
  "package_manager": "npm",
  "socket_data": {
    "package_name": "wlwz-2312-7808",
    "package_manager": "npm",
    "suspicious_versions": [
      "1.0.0"
    ],
    "checked_versions": [
      "1.0.0"
    ],
    "repository_structure": {
      "78080.ts": {
        "type": "file",
        "link": "/npm/package/wlwz-2312-7808/files/1.0.0/78080.ts",
        "raw_link": null
      },
      "78081.ts": {
        "type": "file",
        "link": "/npm/package/wlwz-2312-7808/files/1.0.0/78081.ts",
        "raw_link": null
      },
      "78082.ts": {
        "type": "file",
        "link": "/npm/package/wlwz-2312-7808/files/1.0.0/78082.ts",
        "raw_link": null
      },
      "78083.ts": {
        "type": "file",
        "link": "/npm/package/wlwz-2312-7808/files/1.0.0/78083.ts",
        "raw_link": null
      },
      "78084.ts": {
        "type": "file",
        "link": "/npm/package/wlwz-2312-7808/files/1.0.0/78084.ts",
        "raw_link": null
      },
      "78085.ts": {
        "type": "file",
        "link": "/npm/package/wlwz-2312-7808/files/1.0.0/78085.ts",
        "raw_link": null
      },
      "78086.ts": {
        "type": "file",
        "link": "/npm/package/wlwz-2312-7808/files/1.0.0/78086.ts",
        "raw_link": null
      },
      "package.json": {
        "type": "file",
        "link": "/npm/package/wlwz-2312-7808/files/1.0.0/package.json",
        "raw_link": "https://socketusercontent.com/blob/QtyyWZbfi87iPo_B7A0HIZ_urh2cBNtuzYsc3rDeOXMU"
      }
    },
    "analysis_mode": "suspicious",
    "total_versions": 1
  },
  "package_url": "https://www.npmjs.com/package/wlwz-2312-7808",
  "reprocessed": true,
  "original_issues": [
    "files_without_raw: 7/8"
  ]
}