{
  "ghsa_id": null,
  "summary": null,
  "package_name": "wlwz-2312-5008",
  "package_manager": "npm",
  "socket_data": {
    "package_name": "wlwz-2312-5008",
    "package_manager": "npm",
    "suspicious_versions": [
      "1.0.0"
    ],
    "checked_versions": [
      "1.0.0"
    ],
    "repository_structure": {
      "50080.ts": {
        "type": "file",
        "link": "/npm/package/wlwz-2312-5008/files/1.0.0/50080.ts",
        "raw_link": null
      },
      "50081.ts": {
        "type": "file",
        "link": "/npm/package/wlwz-2312-5008/files/1.0.0/50081.ts",
        "raw_link": null
      },
      "50082.ts": {
        "type": "file",
        "link": "/npm/package/wlwz-2312-5008/files/1.0.0/50082.ts",
        "raw_link": null
      },
      "50083.ts": {
        "type": "file",
        "link": "/npm/package/wlwz-2312-5008/files/1.0.0/50083.ts",
        "raw_link": null
      },
      "50084.ts": {
        "type": "file",
        "link": "/npm/package/wlwz-2312-5008/files/1.0.0/50084.ts",
        "raw_link": null
      },
      "50085.ts": {
        "type": "file",
        "link": "/npm/package/wlwz-2312-5008/files/1.0.0/50085.ts",
        "raw_link": null
      },
      "50086.ts": {
        "type": "file",
        "link": "/npm/package/wlwz-2312-5008/files/1.0.0/50086.ts",
        "raw_link": null
      },
      "50087.ts": {
        "type": "file",
        "link": "/npm/package/wlwz-2312-5008/files/1.0.0/50087.ts",
        "raw_link": null
      },
      "package.json": {
        "type": "file",
        "link": "/npm/package/wlwz-2312-5008/files/1.0.0/package.json",
        "raw_link": null
      }
    },
    "analysis_mode": "suspicious",
    "total_versions": 1
  },
  "package_url": "https://www.npmjs.com/package/wlwz-2312-5008",
  "reprocessed": true,
  "original_issues": [
    "files_without_raw: 9/9"
  ]
}