{
  "ghsa_id": null,
  "summary": null,
  "package_name": "wlwz-2312-6608",
  "package_manager": "npm",
  "socket_data": {
    "package_name": "wlwz-2312-6608",
    "package_manager": "npm",
    "suspicious_versions": [
      "1.0.0"
    ],
    "checked_versions": [
      "1.0.0"
    ],
    "repository_structure": {
      "66080.ts": {
        "type": "file",
        "link": "/npm/package/wlwz-2312-6608/files/1.0.0/66080.ts",
        "raw_link": null
      },
      "66081.ts": {
        "type": "file",
        "link": "/npm/package/wlwz-2312-6608/files/1.0.0/66081.ts",
        "raw_link": null
      },
      "66082.ts": {
        "type": "file",
        "link": "/npm/package/wlwz-2312-6608/files/1.0.0/66082.ts",
        "raw_link": null
      },
      "66083.ts": {
        "type": "file",
        "link": "/npm/package/wlwz-2312-6608/files/1.0.0/66083.ts",
        "raw_link": null
      },
      "66084.ts": {
        "type": "file",
        "link": "/npm/package/wlwz-2312-6608/files/1.0.0/66084.ts",
        "raw_link": null
      },
      "66085.ts": {
        "type": "file",
        "link": "/npm/package/wlwz-2312-6608/files/1.0.0/66085.ts",
        "raw_link": null
      },
      "66086.ts": {
        "type": "file",
        "link": "/npm/package/wlwz-2312-6608/files/1.0.0/66086.ts",
        "raw_link": null
      },
      "package.json": {
        "type": "file",
        "link": "/npm/package/wlwz-2312-6608/files/1.0.0/package.json",
        "raw_link": null
      }
    },
    "analysis_mode": "suspicious",
    "total_versions": 1
  },
  "package_url": "https://www.npmjs.com/package/wlwz-2312-6608",
  "reprocessed": true,
  "original_issues": [
    "files_without_raw: 8/8"
  ]
}