{
  "ghsa_id": null,
  "summary": null,
  "package_name": "wlwz-2312-1708",
  "package_manager": "npm",
  "socket_data": {
    "package_name": "wlwz-2312-1708",
    "package_manager": "npm",
    "suspicious_versions": [
      "1.0.0"
    ],
    "checked_versions": [
      "1.0.0"
    ],
    "repository_structure": {
      "17080.ts": {
        "type": "file",
        "link": "/npm/package/wlwz-2312-1708/files/1.0.0/17080.ts",
        "raw_link": null
      },
      "17081.ts": {
        "type": "file",
        "link": "/npm/package/wlwz-2312-1708/files/1.0.0/17081.ts",
        "raw_link": null
      },
      "17082.ts": {
        "type": "file",
        "link": "/npm/package/wlwz-2312-1708/files/1.0.0/17082.ts",
        "raw_link": null
      },
      "17083.ts": {
        "type": "file",
        "link": "/npm/package/wlwz-2312-1708/files/1.0.0/17083.ts",
        "raw_link": null
      },
      "17084.ts": {
        "type": "file",
        "link": "/npm/package/wlwz-2312-1708/files/1.0.0/17084.ts",
        "raw_link": null
      },
      "17085.ts": {
        "type": "file",
        "link": "/npm/package/wlwz-2312-1708/files/1.0.0/17085.ts",
        "raw_link": null
      },
      "17086.ts": {
        "type": "file",
        "link": "/npm/package/wlwz-2312-1708/files/1.0.0/17086.ts",
        "raw_link": null
      },
      "package.json": {
        "type": "file",
        "link": "/npm/package/wlwz-2312-1708/files/1.0.0/package.json",
        "raw_link": "https://socketusercontent.com/blob/Qndc1ZyerUIaT4Hf0UGxZDiLqWz8nDI8NioQsYV5Tcqw"
      }
    },
    "analysis_mode": "suspicious",
    "total_versions": 1
  },
  "package_url": "https://www.npmjs.com/package/wlwz-2312-1708",
  "reprocessed": true,
  "original_issues": [
    "files_without_raw: 8/8"
  ]
}