{
  "ghsa_id": null,
  "summary": null,
  "package_name": "wlwz-2312-0908",
  "package_manager": "npm",
  "socket_data": {
    "package_name": "wlwz-2312-0908",
    "package_manager": "npm",
    "suspicious_versions": [
      "1.0.0"
    ],
    "checked_versions": [
      "1.0.0"
    ],
    "repository_structure": {
      "09080.ts": {
        "type": "file",
        "link": "/npm/package/wlwz-2312-0908/files/1.0.0/09080.ts",
        "raw_link": null
      },
      "09081.ts": {
        "type": "file",
        "link": "/npm/package/wlwz-2312-0908/files/1.0.0/09081.ts",
        "raw_link": null
      },
      "09082.ts": {
        "type": "file",
        "link": "/npm/package/wlwz-2312-0908/files/1.0.0/09082.ts",
        "raw_link": null
      },
      "09083.ts": {
        "type": "file",
        "link": "/npm/package/wlwz-2312-0908/files/1.0.0/09083.ts",
        "raw_link": null
      },
      "09084.ts": {
        "type": "file",
        "link": "/npm/package/wlwz-2312-0908/files/1.0.0/09084.ts",
        "raw_link": null
      },
      "09085.ts": {
        "type": "file",
        "link": "/npm/package/wlwz-2312-0908/files/1.0.0/09085.ts",
        "raw_link": null
      },
      "09086.ts": {
        "type": "file",
        "link": "/npm/package/wlwz-2312-0908/files/1.0.0/09086.ts",
        "raw_link": null
      },
      "package.json": {
        "type": "file",
        "link": "/npm/package/wlwz-2312-0908/files/1.0.0/package.json",
        "raw_link": null
      }
    },
    "analysis_mode": "suspicious",
    "total_versions": 1
  },
  "package_url": "https://www.npmjs.com/package/wlwz-2312-0908",
  "reprocessed": true,
  "original_issues": [
    "files_without_raw: 8/8"
  ]
}