{
  "ghsa_id": null,
  "summary": null,
  "package_name": "wokes",
  "package_manager": "npm",
  "socket_data": {
    "package_name": "wokes",
    "package_manager": "npm",
    "suspicious_versions": [
      "1.0.0"
    ],
    "checked_versions": [
      "1.0.0"
    ],
    "repository_structure": {
      "cli": {
        "type": "directory",
        "link": "/npm/package/wokes/files/1.0.0/cli",
        "children": {}
      },
      "examples": {
        "type": "directory",
        "link": "/npm/package/wokes/files/1.0.0/examples",
        "children": {}
      },
      "src": {
        "type": "directory",
        "link": "/npm/package/wokes/files/1.0.0/src",
        "children": {}
      },
      "LICENSE.txt": {
        "type": "file",
        "link": "/npm/package/wokes/files/1.0.0/LICENSE.txt",
        "raw_link": null
      },
      "package.json": {
        "type": "file",
        "link": "/npm/package/wokes/files/1.0.0/package.json",
        "raw_link": "https://socketusercontent.com/blob/QsaQ82EGL8Wnr_QGjJ4Y8lZDxmw4mMLV5Ae1kROLL0no"
      },
      "README.md": {
        "type": "file",
        "link": "/npm/package/wokes/files/1.0.0/README.md",
        "raw_link": "https://socketusercontent.com/blob/Q3i2bIEzd5wnR5QPngRKBHOlae2xt63zvWoQU5HYIkUA"
      }
    },
    "analysis_mode": "suspicious",
    "total_versions": 2
  },
  "package_url": "https://www.npmjs.com/package/wokes",
  "reprocessed": true,
  "original_issues": [
    "all_dirs_empty: 3"
  ]
}