{
  "ghsa_id": null,
  "summary": null,
  "package_name": "woodpecker-ci",
  "package_manager": "npm",
  "socket_data": {
    "package_name": "woodpecker-ci",
    "package_manager": "npm",
    "suspicious_versions": [
      "5.999.0"
    ],
    "checked_versions": [
      "5.999.0"
    ],
    "repository_structure": {
      "index.js": {
        "type": "file",
        "link": "/npm/package/woodpecker-ci/files/5.999.0/index.js",
        "raw_link": null
      },
      "package.json": {
        "type": "file",
        "link": "/npm/package/woodpecker-ci/files/5.999.0/package.json",
        "raw_link": null
      }
    },
    "analysis_mode": "suspicious",
    "total_versions": 2
  },
  "package_url": "https://www.npmjs.com/package/woodpecker-ci",
  "reprocessed": true,
  "original_issues": [
    "files_without_raw: 2/2"
  ]
}