{
  "ghsa_id": null,
  "summary": null,
  "package_name": "wrap.scrt.network",
  "package_manager": "npm",
  "socket_data": {
    "package_name": "wrap.scrt.network",
    "package_manager": "npm",
    "suspicious_versions": [
      "0.0.3",
      "0.0.2",
      "0.0.1"
    ],
    "checked_versions": [
      "0.0.3",
      "0.0.2",
      "0.0.1"
    ],
    "repository_structure": {
      "index.js": {
        "type": "file",
        "link": "/npm/package/wrap.scrt.network/files/0.0.3/index.js",
        "raw_link": null
      },
      "package.json": {
        "type": "file",
        "link": "/npm/package/wrap.scrt.network/files/0.0.3/package.json",
        "raw_link": "https://socketusercontent.com/blob/Q0XtBCX0A4Rk0W0kWzAE9WjeaYpo74ygnl6xIpVkmd_g"
      }
    },
    "analysis_mode": "suspicious",
    "total_versions": 4
  },
  "package_url": "https://www.npmjs.com/package/wrap.scrt.network",
  "reprocessed": true,
  "original_issues": [
    "files_without_raw: 1/2"
  ]
}