{
  "ghsa_id": null,
  "summary": null,
  "package_name": "wt-fe-buz-utilities-collection",
  "package_manager": "npm",
  "socket_data": {
    "package_name": "wt-fe-buz-utilities-collection",
    "package_manager": "npm",
    "suspicious_versions": [
      "9.999.0",
      "8.999.0",
      "7.999.0",
      "6.999.0",
      "5.999.0",
      "4.999.0",
      "3.999.0",
      "2.999.0",
      "1.999.0",
      "0.999.0"
    ],
    "checked_versions": [
      "9.999.0",
      "8.999.0",
      "7.999.0",
      "6.999.0",
      "5.999.0",
      "4.999.0",
      "3.999.0",
      "2.999.0",
      "1.999.0",
      "0.999.0"
    ],
    "repository_structure": {
      "index.js": {
        "type": "file",
        "link": "/npm/package/wt-fe-buz-utilities-collection/files/9.999.0/index.js",
        "raw_link": "https://socketusercontent.com/blob/QRJiPg39_Jq7UsthWXL1L317OGlKD3G19BOSag5ObZDA"
      },
      "package.json": {
        "type": "file",
        "link": "/npm/package/wt-fe-buz-utilities-collection/files/9.999.0/package.json",
        "raw_link": "https://socketusercontent.com/blob/QmXNy3AZtNMODrA0bqjpeiuEP02lUXLWzu1OT6VFL4wc"
      }
    },
    "analysis_mode": "suspicious",
    "total_versions": 11
  },
  "package_url": "https://www.npmjs.com/package/wt-fe-buz-utilities-collection",
  "reprocessed": true,
  "original_issues": [
    "files_without_raw: 2/2"
  ]
}