{
  "ghsa_id": null,
  "summary": null,
  "package_name": "xml2binary",
  "package_manager": "npm",
  "socket_data": {
    "package_name": "xml2binary",
    "package_manager": "npm",
    "suspicious_versions": [
      "1.5.1"
    ],
    "checked_versions": [
      "1.5.1"
    ],
    "repository_structure": {
      "main.js": {
        "type": "file",
        "link": "/npm/package/xml2binary/files/1.5.1/main.js",
        "raw_link": "https://socketusercontent.com/blob/QFQa1d5Bp-MTQ1jAh_K3IJIv06ktjTxdvPgCDOresfq0"
      },
      "package.json": {
        "type": "file",
        "link": "/npm/package/xml2binary/files/1.5.1/package.json",
        "raw_link": "https://socketusercontent.com/blob/Qz7flJKHy2TT7-YXlWijrPdOv49_RSccdJsHcxVOp5ew"
      }
    },
    "analysis_mode": "suspicious",
    "total_versions": 2
  },
  "package_url": "https://www.npmjs.com/package/xml2binary",
  "reprocessed": true,
  "original_issues": [
    "files_without_raw: 1/2"
  ]
}