{
  "ghsa_id": null,
  "summary": null,
  "package_name": "xshe_0h9hb",
  "package_manager": "npm",
  "socket_data": {
    "package_name": "xshe_0h9hb",
    "package_manager": "npm",
    "suspicious_versions": [
      "1.0.0",
      "0.0.1-security"
    ],
    "checked_versions": [
      "1.0.0",
      "0.0.1-security"
    ],
    "repository_structure": {
      "package.json": {
        "type": "file",
        "link": "/npm/package/xshe_0h9hb/files/1.0.0/package.json",
        "raw_link": null
      },
      "README.md": {
        "type": "file",
        "link": "/npm/package/xshe_0h9hb/files/1.0.0/README.md",
        "raw_link": "https://socketusercontent.com/blob/QB8gLdeeItoqag5EzOfeVbHkSftLLtz198WTP7a_Gy5k"
      }
    },
    "analysis_mode": "suspicious",
    "total_versions": 2
  },
  "package_url": "https://www.npmjs.com/package/xshe_0h9hb",
  "reprocessed": true,
  "original_issues": [
    "files_without_raw: 1/2"
  ]
}