{
  "ghsa_id": "GHSA-r4vc-8r45-j2qv",
  "summary": "Malware in yarn-design-system-rc-input-number",
  "package_name": "yarn-design-system-rc-input-number",
  "package_manager": "npm",
  "socket_data": {
    "package_name": "yarn-design-system-rc-input-number",
    "package_manager": "npm",
    "suspicious_versions": [
      "1.1.7"
    ],
    "checked_versions": [
      "1.1.7"
    ],
    "repository_structure": {
      "package.json": {
        "type": "file",
        "link": "/npm/package/yarn-design-system-rc-input-number/files/1.1.7/package.json",
        "raw_link": "https://socketusercontent.com/blob/Q5jiIlFb5xlKgXWMbAs-hdwAbDqjUUXnC46xRnN3HtL4"
      }
    },
    "analysis_mode": "suspicious",
    "total_versions": 2
  },
  "package_url": "https://www.npmjs.com/package/yarn-design-system-rc-input-number"
}