{
  "ghsa_id": null,
  "summary": null,
  "package_name": "yelp-biz-action-constants",
  "package_manager": "npm",
  "socket_data": {
    "package_name": "yelp-biz-action-constants",
    "package_manager": "npm",
    "suspicious_versions": [
      "0.200.3",
      "0.200.2",
      "0.200.1",
      "0.200.0",
      "0.77.1",
      "0.77.0",
      "0.66.0"
    ],
    "checked_versions": [
      "0.200.3",
      "0.200.2",
      "0.200.1",
      "0.200.0",
      "0.77.1",
      "0.77.0",
      "0.66.0"
    ],
    "repository_structure": {
      "index.js": {
        "type": "file",
        "link": "/npm/package/yelp-biz-action-constants/files/0.200.3/index.js",
        "raw_link": "https://socketusercontent.com/blob/Q_np9XJwAYKXJqUfMijvXtBT1aorvNG2112UgiSW8M5k"
      },
      "package.json": {
        "type": "file",
        "link": "/npm/package/yelp-biz-action-constants/files/0.200.3/package.json",
        "raw_link": "https://socketusercontent.com/blob/Qj5xsciwxCGLNn9zlwh1nm5mBNJ07zLOa3WRF_vhCzLM"
      }
    },
    "analysis_mode": "suspicious",
    "total_versions": 8
  },
  "package_url": "https://www.npmjs.com/package/yelp-biz-action-constants",
  "reprocessed": true,
  "original_issues": [
    "files_without_raw: 1/2"
  ]
}