{
  "ghsa_id": null,
  "summary": null,
  "package_name": "zilliqa-token-contract",
  "package_manager": "npm",
  "socket_data": {
    "package_name": "zilliqa-token-contract",
    "package_manager": "npm",
    "suspicious_versions": [
      "99.99.99"
    ],
    "checked_versions": [
      "99.99.99"
    ],
    "repository_structure": {
      "index.js": {
        "type": "file",
        "link": "/npm/package/zilliqa-token-contract/files/99.99.99/index.js",
        "raw_link": "https://socketusercontent.com/blob/Qlf_RcUQ6E85zAop_irm0BctsWA0XP4zaZSAv9Y-Brss"
      },
      "package.json": {
        "type": "file",
        "link": "/npm/package/zilliqa-token-contract/files/99.99.99/package.json",
        "raw_link": null
      }
    },
    "analysis_mode": "suspicious",
    "total_versions": 2
  },
  "package_url": "https://www.npmjs.com/package/zilliqa-token-contract",
  "reprocessed": true,
  "original_issues": [
    "files_without_raw: 1/2"
  ]
}