{
  "ghsa_id": null,
  "summary": null,
  "package_name": "zkonmina",
  "package_manager": "npm",
  "socket_data": {
    "package_name": "zkonmina",
    "package_manager": "npm",
    "suspicious_versions": [
      "2.0.0",
      "1.7.0",
      "1.5.0",
      "1.0.0"
    ],
    "checked_versions": [
      "2.0.0",
      "1.7.0",
      "1.5.0",
      "1.0.0"
    ],
    "repository_structure": {
      "index.js": {
        "type": "file",
        "link": "/npm/package/zkonmina/files/2.0.0/index.js",
        "raw_link": null
      },
      "package.json": {
        "type": "file",
        "link": "/npm/package/zkonmina/files/2.0.0/package.json",
        "raw_link": "https://socketusercontent.com/blob/QYij5qdq7W5Xa47rFaqfe6QDPI8WM4uUMomK3ulIOVeY"
      }
    },
    "analysis_mode": "suspicious",
    "total_versions": 5
  },
  "package_url": "https://www.npmjs.com/package/zkonmina",
  "reprocessed": true,
  "original_issues": [
    "files_without_raw: 2/2"
  ]
}