{
  "ghsa_id": null,
  "summary": null,
  "package_name": "zuanshi",
  "package_manager": "npm",
  "socket_data": {
    "package_name": "zuanshi",
    "package_manager": "npm",
    "suspicious_versions": [
      "22.5.17"
    ],
    "checked_versions": [
      "22.5.17"
    ],
    "repository_structure": {
      "lib": {
        "type": "directory",
        "link": "/npm/package/zuanshi/files/22.5.17/lib",
        "children": {}
      },
      "test": {
        "type": "directory",
        "link": "/npm/package/zuanshi/files/22.5.17/test",
        "children": {}
      },
      "NC.rar": {
        "type": "file",
        "link": "/npm/package/zuanshi/files/22.5.17/NC.rar",
        "raw_link": null
      },
      "package-lock1.json": {
        "type": "file",
        "link": "/npm/package/zuanshi/files/22.5.17/package-lock1.json",
        "raw_link": null
      },
      "package.json": {
        "type": "file",
        "link": "/npm/package/zuanshi/files/22.5.17/package.json",
        "raw_link": null
      },
      "package1.json": {
        "type": "file",
        "link": "/npm/package/zuanshi/files/22.5.17/package1.json",
        "raw_link": "https://socketusercontent.com/blob/QyIOCBrt3AuEAousXss6qV2g-Z9I2c_UDutDGbNbO98c"
      },
      "package2.json": {
        "type": "file",
        "link": "/npm/package/zuanshi/files/22.5.17/package2.json",
        "raw_link": "https://socketusercontent.com/blob/QWqFXBOVQ50zDc4K_ONrMN_6OTELl5erowpkCzUQIQds"
      },
      "README.md": {
        "type": "file",
        "link": "/npm/package/zuanshi/files/22.5.17/README.md",
        "raw_link": null
      }
    },
    "analysis_mode": "suspicious",
    "total_versions": 2
  },
  "package_url": "https://www.npmjs.com/package/zuanshi",
  "reprocessed": true,
  "original_issues": [
    "files_without_raw: 5/6",
    "all_dirs_empty: 2"
  ]
}