{
  "ghsa_id": null,
  "summary": null,
  "package_name": "zztest82",
  "package_manager": "npm",
  "socket_data": {
    "package_name": "zztest82",
    "package_manager": "npm",
    "suspicious_versions": [
      "1.0.2",
      "1.0.1"
    ],
    "checked_versions": [
      "1.0.2",
      "1.0.1"
    ],
    "repository_structure": {
      "package.json": {
        "type": "file",
        "link": "/npm/package/zztest82/files/1.0.2/package.json",
        "raw_link": "https://socketusercontent.com/blob/QbSfc09MMdl97RYYINS2hMPRqrB4Dai-XmpNoDyipg-A"
      }
    },
    "analysis_mode": "suspicious",
    "total_versions": 3
  },
  "package_url": "https://www.npmjs.com/package/zztest82",
  "reprocessed": true,
  "original_issues": [
    "files_without_raw: 1/1"
  ]
}